amero_aramaic = {
	graphical_cultures = { westerngfx }

	ameroassyrian = {
		graphical_cultures = { arabicgfx muslimgfx }
		secondary_event_pictures = bedouin_arabic
		
		color = { 140 92 152 }

		male_names = {
			Aba_Abba Abahu_Abahu Abaya_Abaya Abaye_Abaya Abayi_Abaya Abazu Abba_Abba Abdima Abdisho Abgar Abimalek Abraham_Abraham Abris Abrisius_Abrisius Acacius Achan Achina Adad Adamu Addai_Thaddeus Adlai Aggai Ahai_Ahha Ahadabui Ahha_Ahha Akha-d'abuh' Akh-es-Samain Akhiban Alexander_Alexander Ammo Anwar_Anwar Aqib-Alaha Aram Asa_Asa Ashur_Asher Ashur-Ban Ashur-Leed Ashur-Ram Ashur-Seen Asor-Khadon Avahu_Abahu Avda_Abahu Avdima_Avdima Avdimi_Avdima Avina Avira Awidan Ayoub_Job Azai Azarah
			Babai_Babaeus Babowai_Babaeus Babwahi_Babaeus Bar Bar-Abba Barba'shimin Bar-Nabha Bar-Talmai Bar-Timai Bar-Tolmai Belu Benjamin_Bejamin Bishara Bustan_Bustan 
			Caleb_Caleb Chadlai Chama Chanin_Chanin Chanina_Chanin Chaninai_Chanin Charles_Charles Chinena_Chanin Chozai_Chozai Christopher_Christopher Chuma Chunya_Chunya 
			Daniel_Daniel Dem-Atour Dem-Eil Denha Didanu Dinkha Dunanu 
			Eilram Elazar_Lazarus Elisha_Elisha Elijah_Elijah Emmanuel_Emmanuel Enosh Eser Eshai_Jesse
			Felix_Felix Francis_Francis
			Gabriel_Gabriel George_George Gregory_Gregory
			Hanina_Chanin Harsu Hazkiel_Ezekiel Henry_Henry Hilfai Hnanisho' Hozai_Chozai Hurmiz
			Idaniah Ilyas_Elijah Imad Imsu Isaac_Isaac Ishmael_Ishmael
			James_James Jason_Jason John_John Jules_Julius
			Kaiapha Karna Kelaya Kevin_Kevin 
			Lawrence_Lawrence Louis_Louis Lucas_Luke
			Maadai Makkikha Maluch Ma'na_Ma'na Mandaru Maremmeh Martin_Martin Michael_Michael Moqli Moses_Moses
			Naguib Nahir_Nahir Nahor_Nahir Nahur_Nahir Nardeen Narsai Nathan_Nathan Naum Nazuk Nechunya_Chunya Nehor_Nahir Nehorai Ninos_Nineveh Niv Nuabu Nuri
			Oran_Nahir 
			Paul_Paul Pethion Peter_Peter Philip_Phillip 
			Qaligh Qayyoma 
			Raad Rab-Seen Raca_Raka Rachim_Chanin Rahim_Chanin Raka_Raka Raz Raziel Rebin Rubil 
			Saad_Sa'd Saba_Saba Sabah_Saba Sabba'e_Saba Sabrisho'_Sabrisho' Sabr-Ishu_Sabrisho' Salu Samal Sami_Sami Samiy_Sami Sagi_Sagi Sargis_Sergius Sava_Saba Sawma Shafer Shahdost Shahlufa Shai Shalmai Shair-Eil Shama Shamir Shammai Sharbel Sharokeen Shemaiah Shem'on_Simon Sheraga_Sheraga Shibo Shila Shoura Shovai Sima Sliba-zkha Suhlamu Surin 
			Taddai_Thaddeus Talmai_Bartholomew Tam_Thomas Tam'as_Thomas Ta'mhas_Thomas Targhal Tavi_Tavi Tavish_Tavi Tevis_Tavis Th'amhais_Thomas Thamer Thomas_Thomas Timai_Timothy Tiras Tiv Toba Todos Tolmai_Bartholomew Tomarsa_Tomarsa Tudiya Tulmay_Bartholomew 
			Ukba_Jacob 
			Wardeen
			Yahballaha Yanai Yaqob_Jacob Yangi Yaw-Eil Yeshua_Joshua Youra Yousef_Joseph Yunanis_John 
			Zah-Eil Zuabu Zurab
		}
		female_names = {
			Adva Alya Anena Anina Ashourina Awita
			Baileet Brat-Youm Bustan_Bustan 
			Chanina Chasina Chayuta_Chayuta China_Hina Chiyuta_Chayuta 
			Damrina Dikla_Dikla Diklah_Dikla Duvsha 
			Fatima_Fatima
			Hanina_Chanin Hasna Hayuta_Chayuta Hina_Hina 
			Idra Izla
			Jumana
			Ketina Khannah Kitra
			Larsa Leena
			Magdala Mahalia_Mahalia Mahalie_Mahalia Marbita Marfa_Martha Mariam_Mary Marta_Martha Marte_Martha Martha_Martha Marthe_Martha Marti_Martha Martita_Martha Mehalia_Mahalia Meiriona_Meirona Meirona_Meirona Mimra Morta_Martha
			Nahara_Nura Nahrina Nura_Nura 
			Ramina Raz Reuma 
			Saba_Saba Sabah_Saba Sahdina Samantha Sameah_Sami Samee_Sami Sameea_Sami Samiya_Sami Samiyah_Sami Samiyya_Sami Samya_Sami Sava_Saba Shamura Shapira Shirat Sima Sorme
			Tabatha_Tabitha Tabby_Tabitha Tabetha_Tabitha Tabitha_Tabitha Tadea_Thaddea Talia_Talia Taliah_Talia Talya_Talia Talita Tam_Thomasa Tamasin_Thomasa Tami_Thomasa Tammy_Thomasa Tamsin_Thomasa Tamsyn_Thomasa Tamzin_Thomasa Thaddea_Thaddea Thomasa_Thomasa 
			Wardiya
			Yata
			Zakka Zeita_Zeta Zeta_Zeta
		}

		from_dynasty_prefix = "mkis "
		
		male_patronym = "bar "
		female_patronym = "barta "
		prefix = yes

		modifier = default_culture_modifier
	}
}