amero_japonic = {
	graphical_cultures = { westerngfx }

	kanadajin = { #Japanese Canadians
		graphical_cultures = { weebgfx japanesegfx chinesegfx mongolgfx indiangfx muslimgfx }
		unit_graphical_cultures = { japanesegfx }
		secondary_event_pictures = bedouin_arabic
		
		color = { 220 80.5 100 }

		male_names = {
			Albert_Albert Alexander_Alexander Aki Akihiko Akimi Akinori Akio Akira Akito Andrew_Andrew Aoi Aoshi Arataka Arou Arthur_Arthur Asuma Atsushi Ayaori
			Ban Banri Batou Benkyo Benjamin_Benjamin Bernard_Bernard Bruce_Bruce Bryan_Brian
			Chester_Chester Christopher_Christopher Choji Chukichi
			Daichi Daisuke Danjuro Danpei David_David Devin Douglas_Douglas
			Eiichi Eiichiro Eiji Eijiro Eisuke
			Fujihiko Fuutaro Francis_Francis Franklin_Franklin Frederick_Frederick
			Gakuho George_George Gen Genji Gennosuke Genta Genzo Ginji Ginta Glenn Gordon_Gordon
			Hachirota Hajime Haku Hamato Harara Hariken Haruhi Haruhiko Haruki Haruko Hasuki Hatohara Hayao Hayato Heihachi Heiroku Hideaki Hidemi Hideo Hideyoshi Hideyuki Hiro Hiroaki Hiromi Hiroshi Hirotaka Hiroto Hiroyuki Hisashi Hitoshi Hokusai Hyoga
			Ichi Ichimatsu Ichimonji Ichirou Ieyasu Ikki Inio Ippo Isami Isamu Issei Ito Ittosai Iwao Izumi
			Jamie_James Jason_Jason Jeff_Geoffrey Jiro John_John Jonathan_Jonathan Jun Junichiro Justin_Justin Juzo Jyoji
			Kabu Kagami Kahei Kaiji Kaizo Kakihara Kakugo Kambei Kamui Kango Kanichi Kanji Kankichi Kankuro Kanta Kaoru Karuma Katsumi Katsushiro Katsuya Kazuichi Kazuki Kazuma Kazuna Kazuo Kazurou Kazushi Kazuya Kazuyoshi Keegan Keigo Keiichi Keiji Keitaro Ken Kenji Kenshiro Kenta Kentaro Kenzo Kiichi Kikuchiyo Kingo Kinnosuke Kiritsugu Kiyoshi Ko Kogoro Kohei Koichi Koichiro Koji Kokonose Konekomaru Koshi Kosuke Kotaro Koume Kousuke Kouta Kuro Kyo Kyu Kyuzo
			Makoto Mamoru Manabu Manji Mark_Mark Martin_Martin Masahiro Masahito Masaki Masami Masao Masaru Masashi Masato Masatoshi Masayuki Masumi Matsutaro Megumi Megumu Mibu Mikoto Minetaro Minoru Mirai Mitsu Mitsuhiko Mitsuo Mitsuru Mizuki Mokuba Moritaka Motoka Musashi Mutsumi
			Nagisa Nakataro Naoki Naoshi Naoto Naoya Nathan_Nathan Nicholas_Nicholas Noah_Noah Nobita Noboru Nobuteru Nobuyuki Noriyasu Nozomu
			Oji Osamu Oswald_Oswald
			Paul_Paul Peter_Peter Philip_Phillip
			Rando Raymond_Raymond Reiji Rekka Renzo Riichiro Rikuo Rin Ritsu Robert_Robert Rokubei Rokuro Ryan Ryo Ryoji Ryoma Ryuichi Ryuji Ryusuke Ryutaro
			Saburo Saitama Sanjuro Sanpei Saki Satoru Seiichiro Seiji Sena Senku Senri Seiya Seto Shane_John Shichiroji Shigenori Shigeo Shigeru Shigure Shimon Shin Shingo Shinichi Shinichiro Shinji Shinnosuke Shinobu Shinpei Shirou Shiryu Shizuku Sho Shohei Shoji Shoukichi Shu Shuichi Shun Shunsuke Shusaku Shuzo Sobi Sojiro Soseki Sota Souji Steven_Stephen Stuart Suiho Suneo Susumu Sutekichi
			Tadamichi Tadao Tadaomi Tadashi Tadatoshi Taiga Taiju Taiyo Taizou Taka Takao Takaomi Takashi Takaugi Takaya Takayuki Takeshi Takezo Taku Takuma Tamachi Tamakichi Tamon Taneda Taro Tatsuki Tatsuo Tatsuya Teppei Teru Teruki Tesshu Tetsunosuke Tetsuo Tetsuro Tetsutaro Tetsuya Thomas_Thomas Timothy_Timothy Togusa Tokiyuki Tombo Tomoya Tomoyuki Torao Toru Toshiaki Toshiki Toshio Toshiyuki Toshizo Tsubasa Tsugumi Tsukasa Tsutomu Tsuyoshi
			Ujimasa Umetarou Usamaru
			Victor_Victor
			Wataru William_William Wilson_William
			Yagoro Yamato Yanwari Yasuhiro Yasuhito Yasujiro Yasuo Yatora Yoichi Yoshiharu Yoshihito Yoshiie Yoshimi Yoshimori Yoshio Yoshisaburo Yoshito Yoshitoshi Yoshitsune Yoshiyuki Yu Yugi Yuichi Yuichiro Yukio Yukito Yusuke Yutaka Yuuji Yuuta Yuya Yuzo
			} 
		female_names = {
			Aguri Ai Aiko Akari Akiko Akimine Akira Ako Amino Anzu Aoba Asa Asu Asuna Atsuko Audrey Aya Ayaka Ayako Ayu Ayumi
			Catherine_Catherine Chie Chieko Chihiro Chiho Chika Chisame Chiyo Chiyoko Chizuna Chizuru Christina_Christina
			Daisuke Danielle_Daniela Daphne
			Elizabeth_Elizabeth Emma_Emma Emiko Emily_Emily
			Fu Fuka Fumi Fumika Fumiko Fumiya Fusako Fuuko Futaba Fuyo
			Gankyo Grace_Grace
			Hagumi Hari Haru Haruka Haruko Haruna Hayate Hekiru Hifumi Hikari Himawari Hime Hinako Hinata Hiroko Hiromi Hisae Hisako
			Ikuyo Io Ippongi Irene_Irene Izumi Izumo
			Jasmine_Jasmine Jennifer_Jennifer Jun Junko
			Kabi Kae Kaede Kagami Kaho Kana Kanade Kanako Kanna Kanoko Kaori Kaoru Karai Karin Kate_Catherine Kaworu Kaya Kazue Kazumi Kazuya Kei Keiko Keito Kigurumi Kiki Kirin Kiyoko Koko Konada Konowe Kozue Kukuru Kurata Kuu Kyo Kyoko
			Lauren_Lauren Lisa_Elizabeth
			Madoka Mafuyu Mahoko Mai Maiko Maki Makie Makiko Makoto Mana Margaret_Margaret Maria_Mary Mariko Masaki Masako Masami Masumi Matsuko Matsuri Mayu Mayuko Mayumi Megumi Mei Meiko Michelle_Michelle Michiko Michiyo Midori Mieko Miho Mihona Mika Mikage Miki Mikoto Minami Minatsu Minori Mio Misa Misae Misora Mitsuba Mitsuko Mitsune Miwako Miyabi Miyoko Miyu Miyuki Mizuho Momo Momoko Motoko Moyoko Mutsumi
			Nagi Nagisa Nami Nana Nanae Nanako Nano Nanpei Nanri Nao Naoko Nariko Naru Natsuki Natsumi Naushika Nina Nobuko Nodoka Nonoko Noriko
			Okayo Olivia_Olivia Osugi 
			Paru
			Ran Reiko Rika Rikako Riko Rin Rinko Risa Rumiko Ruth_Ruth Ryoko Ryuka
			Sachi Sachiko Saki Sakura Sakurako Sakuya Sana Saori Sarah_Sarah Satomi Satsuki Sawa Saya Sayaka Sayo Sayoko Sayuri Seimu Setona Setsuna Shibuko Shiemi Shige Shiho Shiki Shima Shinoa Shinobu Shion Shizue Shizuka Shizuko Shizuku Shizuru Soara Sonoko Sumiko Suzu
			Taeko Taiko Takako Takeko Takenoko Tenma Teruko Tetora Tokine Tome Tomiko Tomoka Tomoko Tomomi Toriko Toshie Toshiko Towa Toyo Tsubasa Tsukasa
			Umi
			Vicky_Victoria
			Wakana Wataru
			Yaeko Yako Yakumo Yana Yanagi Yashima Yasuko Yawara Yaya Yayoi Yoko Yoshie Yoshiko Yoshino Yu Yue Yuka Yukari Yuki Yukiji Yukiko Yukina Yukino Yuko Yumiko Yun Yuna Yuri Yuu Yuzuki Yuzuriha
			}		
		
		from_dynasty_prefix = "of "
		
		modifier = default_culture_modifier
		disinherit_from_blinding = yes
		feminist = yes
	}
}