amero_hebraic = {
	alternate_start = { NOT = { has_alternate_start_parameter = { key = special_culture value = animal_world } } }
	graphical_cultures = { westerngfx }

	mizrahi  = { #Middle Eastern Jews in the NY area
		graphical_cultures = { levantinegfx arabicgfx muslimgfx }
		unit_graphical_cultures = { englishgfx }
		
		color = { 0.5 45 153 }

		male_names = {
			Achaziah Adam_Adam Adoniyah Aharon_Aaron Alon Alexander_Alexander Amir_Amir Amit Amitai Ammi Amnon Amram Andre_Andrew Ari Ariel Arik_Erik Aryeh Asaf Asher Avi_Abraham Aviel Avigdor Avishai Aviv Avraham_Abraham Avshalom Azariah Azmi
			Bar Baruch Ben Bentzion Bezalel Binyamin_Benjamin Boaz
			Chanan Chananel Chanoch Chayim_Chaim Chisdai Chizkiyahu_Hezekiah Chofni
			Daniel_Daniel David_David Dor Doron Dov_Ursus Dudai Dvir
			Eilon Eitan_Ethan Elazar Elchanan Eldad Eliezer Elimelech Eliyahu_Elijah Elon Elyakim Efrayim_Ephraim Ehud Erez Eyal Ezer Ezra_Ezra
			Gad Gal Gavriel_Gabriel Gedalyah Gershom Gilad Gilboa Giora
			Harel Hillel 
			Idan Ido Immanuel_Emmanuel Ilay Itai
			Kahana Kiyomi
			Lemuel Levi Liam_William Lior
			Machir Maharam Malachi Matan Matityahu_Matthew Meir Menachem Menashe Meshulam Michael_Michael Mordechai Moshe_Moses Motti
			Nachman Nachshon Nadav Naftali Natan_Nathan Nechemiah Nehilai Netanel_Nathaniel Nevo Nissim Nitzan Noam
			Peleg Peretz Pinchas_Phineas
			Ofek Ofir Omer Omri Oriel Ovadiah_Obadiah Oz
			Rachamim Raed Refael_Raphael Rafi_Raphael Ravi "Rechav'am" Reuven_Reuben Rom Ron Rotem Roy
			Sechok Simcha Shabtai Shai Shalom Shaul_Saul Shemaryah Sherira Shila Shimon_Simon Shlomo_Solomon Shmariyahu Shmuel_Samuel Shmulik Shraga
			Tachlifa Tofik Tuviah_Tobias Tzadok Tzachi Tzemach Tzidkiyahu_Zedekiah Tzvi
			Uri Uriah Uriel Uzi Uziel
			Victor_Victor
			Yaakov_Jacob Yachya_John Yair Yanai_Jannaeus Yaron Yechazkel_Ezekiel Yechiel Yehuda_Judah Yehudai_Judah Yehoshuah_Joshua Yerucham Yeshayahu_Isaiah Yinon Yishai_Jesse Yisrael Yitzhak_Isaac Yefet Yissaschar Yitzhar Yoav_Joab Yochanan_John Yoel_Joel Yonatan_Jonathan Yosef_Joseph Yoshiah_Josiah Yoshiyahu Yossi_Joseph Yotam Yuda_Judah Yuli_Julius Yuval
			Zachariah_Zachary Zalman "Ze'ev" Zevulun_Zebulun Zakkai Zelekman
		}
		female_names = {
			Adel_Adela Adi Alma Avigail_Abigail Anastasia_Anastasia Anna_Anna Ariel Ayelet
			Batiah Batsheva Beila 
			Chana 
			Doltza 
			Efrat Elah Elisheva_Elizabeth Ester_Esther Evgenia_Eugenia
			Gali Gili Golda Guta 
			Hadar Hadassah Hiba Hila Hodaya
			Jana Jori
			Keren
			Layla Leah Lia Lin Lian
			"Ma'ayan" Madrona Malkah Maya Michal Minna Mira Miriam_Mary
			"Na'amah" Natalia_Natalie Naomi Neta Noa Noga Noor Noy Noya 
			Or
			Rachel_Rachel Rivkah_Rebecca Romi Roni Rut_Ruth
			Sara_Sarah Shaked Shani Sharon Shir Shira Shulamit
			Tali Tamar_Tamara Tziporah
			Victoria_Victoria
			Yael Yarden Yehudit_Judith Yudit
			Zara
		}
		
		from_dynasty_prefix = "of "
		prefix = yes
		feminist = yes

		modifier = default_culture_modifier
	}
	yiddish_QC = { #Montreal Yiddish with french influence
		graphical_cultures = { westernslavicgfx }
		
		color = { 5 53 176 }

		male_names = {
			Abba Abbaye Acha Achai Achunai Aharon_Aaron Alechsandri_Alexander Ammi Amram Amunah Ashi Asher Avomai Avraham_Abraham Azariah 
			Baboi Baruj Blaise Bibai Binyamin_Benjamin Boaz Borys_Boris Boryslav_Borislav Bustenai Bohémond
			Chanan Chananel Chaninai Chanoch Chaim Chayim Chelbo Chisdai Chiyya Chizkiyah Chofni Chushiel Claude Christophe_Christopher
			Daniel_Daniel David_David Dimi Dodai Dudai 
			Efrayim Eina Elazar Elchanan Eldad Elias_Eliah Eliezer Elyakim Emilio
			Fabien_Fabian Félix_Felix Frédéric_Frederick
			Gaston Gautier_Walter Gedalyah Gershom Ghayyat Giat Giza 
			Henri_Henry Hillel Hila Hippolyte
			Isaac_Isaac Ivomai 
			Kafnai Kahana Kalonymos Kiyomi
			Levi Leib Lotaire_Lothar Louis_Louis Louis-David Louis-Yehudai
			Machir Malcha Mar Mari Matiyahu_Matthew Meir Menechem Menashe Mesharsheya Meshulam  Mevasser Mishael Mordechai Moshe_Moses 
			Nachman Nachshon Nasan Mykhailo_Michael Mykola_Nicholas
			Paltoi Paul_Paul Pirkoi Philippe_Phillip Peter_Peter 
			Rava Ravai Ravi Ravya René Reuven_Reuben Rivai 
			Saadiah Salvador Sasha_Alexander Serhiy_Sergius Spartak_Spartacus Sechok Shabsai  Shimon Shinoi Shlomo_Solomon Shmuel_Samuel Sorgo Sulam 
			Taras Tzadok Tzemach 
			Yaakov_Jacob Yachya Yechiel Yehudah_Judah Yehudai_Judah Yehoshua_Joshua Yeshayah_Isaiah Yisrael Yitzchak_Isaac Yoel Yosef_Joseph Yoshiah Yosi Yuda 
			Zakkai Zelekman Zuiskind
		}
		female_names = {
			Beila Belet 
			Chana Charlotte_Charlotte
			Diane_Diana Doltza
			Feodosia_Theodosia Fevronia
			Ester_Esther 
			Guta Guthela 
			Madrona Matrona Minna
			Nathalie_Natalie
			Olena_Helen Olga_Helga
			Pultzelina 
			Rachel Rita Rivkah 
			Saris Scolaster Shluida Shoinlin Shonlin 
			Tziporah
			Vanessa_Vanessa
			Ulita_Julia
			Yehudis_Judith Yeintil
		}
		
		parent = montrealais
		from_dynasty_prefix = "de "
		male_patronym = "ben "
		female_patronym = "bat "
		prefix = yes
		feminist = yes

		modifier = default_culture_modifier
	}
	ashkenazi = {
		graphical_cultures = { germangfx westerngfx }
		
		color = { 10 63 176 }

		male_names = {
			Aaron_Aaron Abel_Abel Abraham_Abraham Adam_Adam Alan_Alan Albert_Albert Alexander_Alexander Alfred_Alfred Amram Andrew_Andrew Anthony_Anthony Arnold_Arnold Arthur_Arthur Asher Azariah 
			Baruch Basil_Basil Benjamin_Benjamin Bernard_Bernard Brandon_Brandon Brian_Brian 
			Caleb_Caleb Calvin_Calvin Cecil_Cecil Chanan Chaim_Chaim Charles_Charles Claude_Claudius Clement_Clement
			Daniel_Daniel Darius_Darius David_David Denis_Dionysus Dodai Dominic_Dominic Dov_Ursus 
			Edgar_Edgar Edmund_Edmund Edward_Edward Elijah_Elijah Ephraim_Ephraim Elchanan Eldad Eliezer Emmanuel_Emmanuel Eric_Erik Ernest_Ernest Eugene_Eugene Ezra_Ezra 
			Ferdinand_Ferdinand Francis_Francis Frederick_Frederick
			Gabriel_Gabriel Geoffrey_Geoffrey George_George Gerald_Gerald Gershom Gideon_Gideon Gilbert_Gilbert Gregory_Gregory
			Harold_Harold Henry_Henry Herbert_Herbert Hillel 
			Ido Isaac_Isaac Isaiah_Isaiah Ishmael_Ishmael 
			Jacob_Jacob James_James Jared_Jared Jeremiah_Jeremiah Joel_Joel John_John Jonah_Jonah Jonathan_Jonathan Joshua_Joshua Joseph_Joseph Judah_Judah Julius_Julius Justin_Justin
			Keith_Keith Kenneth_Kenneth Kevin_Kevin
			Laurence_Lawrence Leonard_Leonard Levi Lionel_Lionel Louis_Louis  
			Malachi_Malachi Malcolm_Malcolm Manasseh_Manasseh Marcus_Mark Martin_Martin Matthew_Matthew Maurice_Maurice Meir Michael_Michael Mordechai Moses_Moses 
			Naphtali Nathaniel_Nathan Nehemiah_Nehemiah Nicholas_Nicholas Nigel_Nigel Noah_Noah Norman_Norman 
			Obadiah_Obadiah Oliver_Oliver
			Paul_Paul Percival_Percival Peter_Peter Philip_Phillip Phineas_Phineas
			Raphael_Raphael Reginald_Reynold Reuben_Reuben Richard_Richard Robert_Robert Roland_Roland Rudolph_Rudolf 
			Samuel_Samuel Saul_Saul Scott_Scott Simon_Simon Solomon_Solomon Stanley_Stanley Stephen_Stephen Stuart_Stuart 
			Thomas_Thomas Timothy_Timothy Tristan_Tristan
			Victor_Victor Vincent_Vincent
			Walter_Walter William_William Winston_Winston
			Zachary_Zachary
		}
		female_names = {
			Abigail_Abigail Adela_Adela Adelaide_Adelaide Alexandra_Alexandra Alice_Alice Amber_Amber Angela_Angela Anna_Anna Antoinette_Antonia Ashley_Ashley 
			Beatrice_Beatrix Bethany_Bethany Bianca_Blanche Bridget_Bridget
			Caitlin_Caitlin Catherine_Catherine Cecilia_Cecilia Charlotte_Charlotte Chelsea_Chelsea Chloe_Chloe Claire_Clara Constance_Constance 
			Danielle_Daniela Diana_Diana Dominique_Dominique Dorothy_Dorothy
			Edith_Edith Eleanor_Eleanor Elizabeth_Elizabeth Emily_Emily Emma_Emma Esther_Esther
			Gabriela_Gabriela Gloria_Gloria
			Hannah_Hannah Hayley_Haley Heather_Heather
			Irene_Irene Isabelle_Elizabeth 
			Jade_Jade Jane_Jane Jasmine_Jasmine Jennifer_Jennifer Jessica_Jessica Joanna_Jane Judy_Judith Juliana_Juliana
			Kimberly_Kimberly
			Laura_Laura Leah_Leah Lisa_Elizabeth Louise_Louise Lucy_Lucia Lydia_Lydia
			Madeleine_Madeline Margaret_Margaret Mary_Mary Matilda_Matilda Melissa_Melissa Monica_Monica
			Naomi_Naomi Natalie_Natalie
			Olivia_Olivia
			Patricia_Patricia Pauline_Paula 
			Rachel_Rachel Rebecca_Rebecca Regina_Regina Rosa_Rosa
			Samantha_Samantha Sara_Sarah Serena_Serena Sophie_Sophia Stephanie_Stephanie Sybilla_Sibyl Susanna_Susan 
			Tamara_Tamar Tatiana_Tatiana Theresa_Theresa
			Vera_Vera Veronica_Veronica Victoria_Victoria Vivian_Vivian
			Yvonne_Yvonne
			Zoe_Zoe
		}
		from_dynasty_prefix = "of "
		feminist = yes

		modifier = default_culture_modifier
		# Chance of male children being named after their paternal or maternal grandfather, or their father. Sum must not exceed 100.
		pat_grf_name_chance = 30
		mat_grf_name_chance = 10
		father_name_chance = 25
		
		# Chance of female children being named after their paternal or maternal grandmother, or their mother. Sum must not exceed 100.
		pat_grm_name_chance = 20
		mat_grm_name_chance = 40
		mother_name_chance = 5	
	}
}