amero_coptic = {
    graphical_cultures = { easterngfx }

	coptifornian = { #
		graphical_cultures = { copticgfx byzantinegfx }
		
		color = { 0.6 0.4 0.6 }

		male_names = {
			Aaron_Aaron Abadir Abanoub_Apanoub Abianos_Abijah Abisalom Ablarion Achilles_Achilles Agathon_Agathon Agathon_Agathonikos Agathos_Agathos Aha Akhom_Aetius Alexander_Alexander Amakhte Amon An Andronikos_Andronicus Andrew_Andrew Anoub_Anubis Anthimos_Anthimos Anthony_Anthony Apanoub_Apanoub Apahour Apamon Apas Aretee Arsenius_Arsenius Athanasius_Athanasius Avilius_Avilius 
			Benjamin_Benjamin Bertouet Bishoi_Bishara Brian_Brian
			Christian_Christian Christopher_Christopher Constantine_Constantine
			Damian_Damian Daniel_Daniel David_David Demetrios_Demetrius Dionysios_Dionysus
			Ennikeran Erhu Ezra_Ezra 
			Fareed_Farid Francis_Francis
			Gabriel_Gabriel George_George 
			Habil_Cain Hanouf Hany Hesdy Hisham_Hisham 
			Ibrahim_Abraham Ilyas_Elijah Isaac_Isaac Ishmael_Ishmael
			Jacob_Jacob Jared_Jared Jinti John_John Jori Joseph_Joseph Julian_Julian
			Kosmas_Cosmas Keloj Kyrillos_Cyril 
			Lot_Lot Loukios_Lucius
			Macari_Macarius Mark_Mark Martin_Martin Mattew_Matthew Michael_Michael Mikhael_Michael Milad_Milad Mina_Menas Musa_Moses Markian_Marcianus 
			Nabil_Nabil Nakat Nahdi Nathan_Nathan Nishde Nai Naui Nicholas_Nicholas Nishti Noah_Noah 
			Ounouf Ourot Ouini Ounisht 
			Pajro Pakat Pakhom Pamin Panous Papnouti Pashnona Pasnadi Patape Paul_Paul Payom Peter_Peter Philip_Phillip Pijimi Pijoul Pikhit Pimen Pimoue Pimoui Pishai Pisha-eneh Pishoui Psote 
			Rafael_Raphael Rami Rashad_Rashad Rashi Ruweis 
			Sarjoun_Sergius Sawires_Severus Sebastian_Sebastian Serapion_Serapion Shenouda_Shenouda Shenouti_Shenouda Shosi Simeon_Simon Stephen_Stephen 
			Taio Theodore_Theodore Thomas_Thomas Timothy_Timothy
			Victor_Victor
			Yoannis_John 
			Zachary_Zachary Zaia_Isaiah
		}
		female_names = {
			Afaf Aisha_Aisha Alexandria_Alexandra Amunet Asmin 
			Bethany_Bethany
			Demiana 
			Elizabeth_Elizabeth Elpis_Hope Eratee Ese Esther_Esther 
			Fana Fatima_Fatima 
			Hana_Hannah Hawwa_Eve Heit Helena_Helen Hoeite 
			Irene_Irene 
			Katherine_Catherine Khnau Khreere Kristina_Christine
			Lelou Louise_Louise
			Mariam_Mary Marta_Martha Maysoon_Maysoon Meriam_Mary 
			Nefret 
			Paisi Pernoufe Piama Piamun Potamina 
			Raune Ro'oune 
			Sai'ou Samia_Samira Sawsan Shouree Shoushou Sofia_Sophia Stoi 
			Takla Talida_Taliba Taloushem Tanouti Ta'ou Tawaret 
			Uradaa 
			Veronica_Veronica
		}
		
		from_dynasty_prefix = "en "
		
		male_patronym = "psen "
        female_patronym = "tsen "
        prefix = yes

		modifier = default_culture_modifier
	}
}