amerohellene = {
	alternate_start = { NOT = { has_alternate_start_parameter = { key = special_culture value = animal_world } } }
	graphical_cultures =  { easterngfx }
	
	kolorantoi = { #Colorado Greeks
		graphical_cultures = { byzantinegfx }
		
		color = { 127 3 252 }

		male_names = {
			Aaron_Aaron Achilles_Achilles Adrian_Adrian Aias Aisymnos Akis Alexander_Alexander Alexis_Alexis Anastas_Anastasius Anatolios_Anatolius Andrew_Andrew Andronikos_Andronicus Anthemios_Anthemius Antioch_Antiochus Anthony_Anthony Adonis_Anthony Apollonius_Apollonius Argyris Aristarchos Aristides_Aristides Aristotle_Aristotle Arsenios_Arsenius Artemios_Artemius Arthur_Arthur Athanasios_Athanasius Augustine_Augustine
			Bartholomew_Bartholomew Basil_Basil Benedict_Benedict Benjamin_Benjamin Blake Brandon_Brandon Brett Brian_Brian
			Caesar_Caesar Caleb_Caleb Calvin_Calvin Charles_Charles Christian_Christian Christopher_Christopher Chrysanthus_Chrysanthus Constantine_Constantine Cyril_Cyril Cyrus_Cyrus 
			Dalton Damian_Damian Daniel_Daniel David_David Demetri_Demetrius Diogenes_Diogenes Diomedes_Diomedes Dionysus_Dionysus 
			Edgar_Edgar Edward_Edward Elias_Elijah Emmanuel_Emmanuel Erik_Erik Eros Eugene_Eugene Euclides_Euclides Eumaios Euphemius_Euphemius Eusebius_Eusebius Evangelos_Evangelus
            Felix_Felix Ferdinand_Ferdinand Ford Francis_Francis Frederick_Frederick
			Gabriel_Gabriel Gennaios Giorgos_George Gerard_Gerard Gerasimus_Gerasimus German_German Giannis_John Gregory_Gregory 
			Hector_Hector Henry_Henry Heraklis_Hercules Herodotus_Herodotus Himerius_Himerius Hippocrate Homer Howard Hypatius_Hypatius 
			Idas Idomeneus Ignatius_Ignatius Isaac_Isaac Isaiah_Isaiah Isidore_Isidore 
			Jacob_Jacob Jason_Jason Jeremy_Jeremy John_John Jordan_Jordan Joseph_Joseph Julian_Julian Justin_Justin
			Kadmos_Cadmus Kallistos_Callistus Kastor_Castor Kevin_Kevin Kleomenis Komitas_Komitas Kostas_Constans Kopreus Kosmss_Cosmas Kratos Kreon Kyle
			Laertes Laios Lasthenes Lawrence_Lawrence Lazarus_Lazarus Leon_Leo Leonidas_Leonidas Louis_Louis Lukas_Luke Lycaon Lygeas
			Makarios_Macarius Mákis Mark_Mark Matthew_Matthew Maurice_Maurice Max_Maximus Megareos Memnon Methodius_Methodius Michael_Michael Midas Milos Minos_Minos Mitsos Moses_Moses
			Nathaniel_Nathan Neophytus_Neophytus Neoptolemus_Neoptolemus Nestor Nicephorus_Nicephorus Nicholas_Nicholas Nicodemus_Nicodemus Niketas_Niketas Niphon_Niphon 
			Odysseus_Odysseus Oileus Oinomaos Oliver_Oliver Orestes_Orestes
			Pamphilus_Pamphilus Panagiotis_Panagiotis Pantoleon_Panteleimon Paris Parthenopeus Pascal_Pascal Patrick_Patrick Paul_Paul Pelagius_Pelagius Peleus Pelopas Pericles_Pericles Peter_Peter Philaretus_Philaretus Philip_Phillip Philotheos_Philotheus Phineas_Phineas Phoenix Plato_Plato Plisthenes Ploutarch_Plutarch Poeas Polydeukes Polykarp_Polycarp Polybius_Polybius Polyneices Polyphemos_Polyphemus Polyphontes Porphyrios_Porphyrius Priamus Pythagoras
			Raphael_Raphael Rhesus Richard_Richard Robert_Robert Roman_Roman 
			Samuel_Samuel Serapion_Serapion Sebastian_Sebastian Sergio_Sergius Socrates Sophocles Spyridon Stavros Stephan_Stephen Stratos Symeon_Simon 
			Takis Tasos Telamon Thanos_Athanasius Theocharis_Theocharis Theodore_Theodore Theodosius_Theodosius Theokritos_Theocritus Theoktistos_Theoctistus Theophanes_Theophanes Theophilus_Theophilus Theophylact_Theophylact Theseas Thomas_Thomas Thyestes Tiber_Tiberius Tiphys Trajan_Trajan Timoleon Timothy_Timothy Tryphon_Tryphon Tydeus
			Valerius_Valerius Vardas_Bardas Vellerophon_Bellerophontes Vellerophontes_Bellerophontes Victor_Victor Vrasidas 
            Walter_Walter William_William
			Zachary_Zachary Zenon_Zenon
		}
		female_names = {
			Abigail_Abigail Adriane_Adriana Aethra Agatha_Agatha Aglaia Agnes_Agnes Alexandra_Alexandra Alexia_Alexia Alice_Alice Anastasia_Anastasia Andromeda Anna_Anna Anthe Anthousa Antipatra Antonia_Antonia Apollonia_Apollonia Ashley_Ashley Atalanta Athanasia_Athanasia 
			Barbara_Barbara Bethany_Bethany Bianca_Blanche Bridget_Bridget
			Cassandra Catherine_Catherine Chloe_Chloe Christina_Christina Cleopatra_Cleopatra
			Demetra_Demetra Diomede Dionysia_Dionysia Dorothy_Dorothy 
			Elizabeth_Elizabeth Emily_Emily Epiphania_Epiphania Eudocia_Eudocia Eugenia_Eugenia Eulalia_Eulalia Eunice_Eunice Euphemia_Euphemia Euphrasia_Euphrasia Euphrosyne_Euphrosyne Eupraxia_Eupraxia Eusebia_Eusebia Eustathia_Eustathia Evanthia_Evanthia 
			Gabriela_Gabriela Georgia_Georgia Grace_Grace 
			Haley_Haley Helen_Helen 
			Iphis Irene_Irene Ismene
			Jane_Jane Jennifer_Jennifer Jessica_Jessica Julia_Julia Justine_Justina
			Kimberly_Kimberly Konstantia_Constantia Konstantina_Constantina Kyra_Kyra
			Lauren_Lauren Louise_Louise Lydia_Lydia
			Margaret_Margaret Maria_Mary Marina_Marina Martha_Martha Melissa_Melissa
			Natalie_Natalie Nicole_Nicole 
            Olivia_Olivia Olympia_Olympia
			Parthena_Parthena Paulina_Paula Pelagia_Pelagia Penelope Petronia_Petronia Philippa_Philippa Phyllis_Phyllis 
			Rachel_Rachel Rebecca_Rebecca Rhodanthe_Rhodanthe Romana_Romana 
			Sarah_Sarah Sibyl_Sibyl Simone_Simone Sophia_Sophia Stella Stephania_Stephanie 
			Tamara_Tamar Thalia Theodora_Theodora Theodosia_Theodosia Theognosia_Theognosia Theresa_Theresa 
            Valeria_Valeria Victoria_Victoria Vivian_Vivian 
			Zoey_Zoe
		}

		from_dynasty_prefix = "apo "
		feminist = yes
		
		# Chance of male children being named after their paternal or maternal grandfather, or their father. Sum must not exceed 100.
		pat_grf_name_chance = 50
		mat_grf_name_chance = 50
		father_name_chance = 0
		
		# Chance of female children being named after their paternal or maternal grandmother, or their mother. Sum must not exceed 100.
		pat_grm_name_chance = 50
		mat_grm_name_chance = 50
		mother_name_chance = 0
		
		disinherit_from_blinding = yes

		modifier = default_culture_modifier
	}
	westerosi_valyrian = { #Bermudan invaders
		graphical_cultures = { byzantinegfx }
		
		color = { 178 0 255 }

		male_names = {
			Achilléas_Achilles Adamántios Adrastos_Adrastus Adrianós_Adrian Agamémnon Agesílaos Agínor Aiacos Aias Aineías Aisymnos Akákios_Acacius Akis Aktoros Aléxandros_Alexander Aléxios_Alexis Alkaios_Alcaeus Amphiaraos_Amphiaraus Amphínomos_Amphinomus Anastásios_Anastasius Anatólios_Anatolius Andréas_Andrew Andrónikos_Andronicus Antenor Anthémios_Anthemius Anthimos_Anthimus Antilochos_Antilochus Antinoos_Antinous Antiochos_Antiochus Antónios_Anthony Adonis_Anthony Apollónios_Apollonius Apóstolos Asklipiós Archimídis Argyris Aristarchos Aristeidis_Aristides Aristophánis Aristotélis_Aristotle Arsénios_Arsenius Artémios_Artemius Askánios_Ascanius Athanásios_Athanasius Atréas_Atreus Augustinos_Augustine Autolykos_Autolycus
			Calais Cálchas Charilaos Christóphoros_Christopher Chrysanthos_Chrysanthus Chrysippos_Chrysippus Chrysóstomos Chrysógonos_Chrysogonus 
			Damianós_Damian Daniel_Daniel David_David Demetrios_Demetrius Demosthenes_Demosthenes Diogénes_Diogenes Diomedes_Diomedes Dionysios_Dionysus Dorotheos_Dorotheus 
			Ector_Hector Eirenaios_Irenaeus Elefthérios Emerikos Epameinondas Epíkouros Evripídis Eros Eudóxios_Eudoxius Eustrátios_Eustratius Eugénios_Eugene Euklídis_Euclides Eumaios Euphemios_Euphemius Euryalos_Euryalus Eurymachos_Eurymachus Eusébios_Eusebius Eustáthios_Eustace Evángelos_Evangelus
            Fragkískos_Francis
			Gabriel_Gabriel Gennádios_Gennadius Gennaios Geórgios_George Gerásimos_Gerasimus Germanós_German Giánnis_John Glaucos_Glaucus Gregórios_Gregory 
			Háris_Harry Hektórios_Hector Helías_Elijah Heraklís_Hercules Heródotos_Herodotus Hierotheos_Hierotheus Himerios_Himerius Hippocrátes Hippolytos_Hippolytus Hypatios_Hypatius 
			Iákovos_Jacob Iason_Jason Idas Idmon Idomenéas Ieremías_Jeremiah Ignatios_Ignatius Innokéntios_Innocent Ioánnes_John Ioannikios_Ioannicius Iordánes_Jordan Ioseph_Joseph Ilías_Elijah Isaakios_Isaac Isaias_Isaiah Isídoros_Isidore Isocrátes Ioulianós_Julian Ioustinianós_Justinian Ioustínos_Justin 
			Kadmos_Cadmus Kaisários_Caesar Kallinikos_Callinicus Kállistos_Callistus Kapaneus Karagiózis Kastor_Castor Kítsos Kléarchos_Clearchus Kleoménis Kollitíris Komitas_Komitas Konstantínos_Constantine Konstántios_Constantius Kóstas_Constans Kopreus Kosmás_Cosmas Kratos Kreon Kyriákos_Cyriacus Kyrillos_Cyril Kyros_Cyrus 
			Laertes Laios Lámbros Lasthenes Lauréntios_Lawrence Lázaros_Lazarus Leon_Leo Leonídas_Leonidas Leóntios_Leontius Loukás_Luke Lycaon Lygeas
			Makários_Macarius Mákis Manólis_Emmanuel Márkos_Mark Matthaios_Matthew Maurikios_Maurice Maximos_Maximus Megareos Mégistos_Magnus Melánippos Meléagros Melétis_Meletius Memnon Menélaos_Menelaus Methódios_Methodius Mídas Mihális_Michael Mílos Minoas_Minos Mítsos Morfoniós
			Narsís_Narses Nektários Neóphytos_Neophytus Neoptólemos_Neoptolemus Néstor Nikephóros_Nicephorus Nikítas_Niketas Nikodemos_Nicodemus Nikólaos_Nicholas Niphon_Niphon 
			Odysséas_Odysseus Oidípous_Oedipus Oileus Oineus Oinomaos Omiros_Homer Orestes_Orestes Orphéas_Orpheus
			Pamphilios_Pamphilus Panagiótis_Panagiotis Pándaros_Pandarus Pankrátios_Pancratius Pános Pantelís Pantoléon_Panteleimon Páris Parthenopéos Paschális_Pascal Pátroklos_Patroclus Pávlos_Paul Pausanías Pelágios_Pelagius Peleus Pelopas Períandros Periklís_Pericles Periklymenos Perséas Pétros_Peter Philáretos_Philaretus Phílippos_Phillip Philotheos_Philotheus Phinéas_Phineas Phoinix Phókas_Phocas Photios_Photius Plátonas_Plato Peistarchos Plisthenes Ploutarchos_Plutarch Poeas Poludámas Polydeukes Polykarpos_Polycarp Polyvios_Polybius Polyneices Polyphemos_Polyphemus Polyphontes Porphyrios_Porphyrius Príamos Prokópios_Procopius Pyrros_Pyrrhus Pythagóras
			Radamanthes Raphail_Raphael Rhesus Romanós_Roman 
			Sabas_Sabas Sákis Samuel_Samuel Sarpedon Serapion_Serapion Sebastianos_Sebastian Sergios_Sergius Stélios Stéphanos_Stephen Stylianós Sokrátis_Socrates Sólonas Sophoklís_Sophocles Sotíris Spyrídon Stávros Stavrákios_Stauracius Strátos_Stratos Symeon_Simon Symmachos_Symmachus 
			Tákis Tásos Telamon Telémakhos_Telemachus Teucros Thanos_Athanasius Themistoklís_Themistocles Theocháristos_Theocharis Theódoros_Theodore Theodosios_Theodosius Theódotos_Theodat Theódoulos_Theodulus Theókritos_Theocritus Theóktistos_Theoctistus Theophánes_Theophanes Theóphilos_Theophilus Theophylaktos_Theophylact Theséas Thomás_Thomas Thucydídes Thyestes Tibérios_Tiberius Tiphys Traianós_Trajan Timoleon Timotheos_Timothy Tryphonas_Tryphon Tydeus
			Valérios_Valerius Vardas_Bardas Vartholomaios_Bartholomew Vasíleios_Basil Velisários_Belisarius Vellerophon_Bellerophontes Vellerophontes_Bellerophontes Venizélos Voíthios_Boethius Vospórios_Bosporius Vrasídas 
            Xenophón_Xenophon
			Ylas Ypervios
			Zacharías_Zachary Zenóvios_Zenobius Zenon_Zenon Zetes
			
			Aegon Aegor Aelix Aemon Aemond Aenys Aerion Aerys Alan Alaric Allar Allard Alton Alyn Ardrian Arryk Aurane Arthor Addam Aethan
			Baelor Balman Bartimos Bennard Boros Bryen
			Clarentios Clayton Clement Crispian Corlys Corwyn
			Daemon Daeron Danos Davos Denys Dontos Duncan Duram
			Edwell Florianos
			Guncer Gyles Galfrid Gargon
			Haegon Hubard
			Jacelyn Jaehaerys Janos Jarman Jarmen Jon Jorgen Justin Jacaerys Joffrey
			Lothar Lothor Lucos Lucerys Laenor Laemond:50
			Maegor Maekar Malentine Malliard Maric Matarys Matthos Monford Monterys Morgan Morros
			Ollidor Orys
			Pate
			Qarlton Quenton
			Rhaegar Rhaegel Rolland
			Sefton Simon Steffon Symon
			Triston
			Ulmer
			Valarr Viserys Vaermon Victor Vaemond Vaellyn
		}
		female_names = {
			Adriane_Adriana Aethra Agápi Agáthe_Agatha Aglaia Agne_Agnes Aigidia Aikateríne_Catherine Aithra Alexándra_Alexandra Alexeia_Alexia Alíki_Alice Anastasía_Anastasia Andromeda Andromakhe Anna_Anna Anthe Anthousa Antigóni Antipatra Antonia_Antonia Aretí Apollonia_Apollonia Atalanta Athanasía_Athanasia 
			Briseis
			Cassándra Cleopátra_Cleopatra Chryseis Chrysogone_Chrysogone Clio Clymene
			Damiane_Damiane Demetra_Demetra Déspoina Diomede Dionysia_Dionysia Dorothea_Dorothy 
			Eirini_Irene Elaiodora Eléctra Elefthería Elpída_Elpis Erato Epiphania_Epiphania Eudokía_Eudocia Eugenia_Eugenia Eulalia_Eulalia Eunike_Eunice Euphemia_Euphemia Euphrasia_Euphrasia Euphrosyne_Euphrosyne Eurykleia Euterpe Eupraxia_Eupraxia Eusebia_Eusebia Eustathia_Eustathia Evanthia_Evanthia 
			Gabriélia_Gabriela Garyphallia_Garyphallia Georgía_Georgia Gorgo Gregoria_Gregoria 
			Hará Hecamede Helene_Helen Hippodamia Hypatia_Hypatia 
			Ioánna_Jane Ioulia_Julia Iouliana_Juliana Ioustína_Justina Iphigeneia Iphis Ismene
			Kale Kalliópi Konstantia_Constantia Konstantína_Constantina Kyra_Kyra Kyriake_Kyriake
			Laodamia Laodice Leontía_Leontia Lydia_Lydia
			Máchi Margaríta_Margaret María_Mary Marína_Marina Markia_Marcia Mártha_Martha Medeia Melantho Mélissa_Melissa Melpomene
			Neféli Nikarete_Nikarete Néki Nikolétta_Nicole Nonna 
            Olga_Helga Olympia_Olympia
			Parthéna_Parthena Pavlína_Paula Pelagia_Pelagia Penelope Penthesilea Petronia_Petronia Philippa_Philippa Photiní Phyllis_Phyllis Polyhymnia Pulcheria_Pulcheria 
			Rhodanthe_Rhodanthe Romane_Romana Romylia_Romylia 
			Sapfo Sergia_Sergia Sibylla_Sibyl Simonis_Simone Sophía_Sophia Stélla Stephania_Stephanie 
			Terpsihóri Thalia Theano Thékla_Thekla Theocháriste_Theochariste Theodóra_Theodora Theodosía_Theodosia Theognosia_Theognosia Theoktiste_Theoktiste Theophano_Theophano Thomais_Thomasina 
            Urania
			Valeria_Valeria Várbara_Barbara Vasillikí_Basilia Viviana_Vivian 
			Xene_Xenia 
			Zenobia_Zenobia Zoe_Zoe
			
			Aelinor Aglantine Alerie Alla Alyce Alynne Alysa Alysanne Annara Arianne Alynna:50 Aenesa:50
			Baena:50	
			Cassana Corenna Cyrenna
			Dalla Delena Denyse Desmera Donyse Daella Daena Daenerys Daeryssa Daesanne:50
			Eglantine Elaena Ermesande
			Falena Falyse
			Jeyne Jonquila Joyeuse
			Leona Leonette Leyla Larissa Lianna Leana
			Malessa Malora Marei Marya Matrice Melicent Mhaegan Mhaegen Moelle Mylenda Marilda
			Prudence Prunella
			Rhae Rhaella Rhaelle Rhaena Rhaenyra Rhaenys Roelle Rhaera:50
			Scolera Selyse Senelle Serenei Shiera Shireena
			Talla Tanda
			Unella
			Visenya Vaena:50
		}

		from_dynasty_prefix = "tou "

		# Chance of male children being named after their paternal or maternal grandfather, or their father. Sum must not exceed 100.
		pat_grf_name_chance = 40
		mat_grf_name_chance = 40
		father_name_chance = 15
		
		# Chance of female children being named after their paternal or maternal grandmother, or their mother. Sum must not exceed 100.
		pat_grm_name_chance = 20
		mat_grm_name_chance = 20
		mother_name_chance = 20
		
		disinherit_from_blinding = yes
		allow_looting = yes
		seafarer = yes

		modifier = default_culture_modifier
	}
	florintoi = { #Florida Greeks
		graphical_cultures = { byzantinegfx }
		
		color = { 122 13 253 }

		male_names = {
			Aaron_Aaron Achilles_Achilles Adrian_Adrian Aias Aisymnos Akis Alexander_Alexander Alexis_Alexis Anastas_Anastasius Anatolios_Anatolius Andrew_Andrew Andronikos_Andronicus Anthemios_Anthemius Antioch_Antiochus Anthony_Anthony Adonis_Anthony Apollonius_Apollonius Argyris Aristarchos Aristides_Aristides Aristotle_Aristotle Arsenios_Arsenius Artemios_Artemius Arthur_Arthur Athanasios_Athanasius Augustine_Augustine
			Bartholomew_Bartholomew Basil_Basil Benedict_Benedict Benjamin_Benjamin Blake Brandon_Brandon Brett Brian_Brian
			Caesar_Caesar Caleb_Caleb Calvin_Calvin Charles_Charles Christian_Christian Christopher_Christopher Chrysanthus_Chrysanthus Constantine_Constantine Cyril_Cyril Cyrus_Cyrus 
			Dalton Damian_Damian Daniel_Daniel David_David Demetri_Demetrius Diogenes_Diogenes Diomedes_Diomedes Dionysus_Dionysus 
			Edgar_Edgar Edward_Edward Elias_Elijah Emmanuel_Emmanuel Erik_Erik Eros Eugene_Eugene Euclides_Euclides Eumaios Euphemius_Euphemius Eusebius_Eusebius Evangelos_Evangelus
            Felix_Felix Ferdinand_Ferdinand Ford Francis_Francis Frederick_Frederick
			Gabriel_Gabriel Gennaios Giorgos_George Gerard_Gerard Gerasimus_Gerasimus German_German Giannis_John Gregory_Gregory 
			Hector_Hector Henry_Henry Heraklis_Hercules Herodotus_Herodotus Himerius_Himerius Hippocrate Homer Howard Hypatius_Hypatius 
			Idas Idomeneus Ignatius_Ignatius Isaac_Isaac Isaiah_Isaiah Isidore_Isidore 
			Jacob_Jacob Jason_Jason Jeremy_Jeremy John_John Jordan_Jordan Joseph_Joseph Julian_Julian Justin_Justin
			Kadmos_Cadmus Kallistos_Callistus Kastor_Castor Kevin_Kevin Kleomenis Komitas_Komitas Kostas_Constans Kopreus Kosmss_Cosmas Kratos Kreon Kyle
			Laertes Laios Lasthenes Lawrence_Lawrence Lazarus_Lazarus Leon_Leo Leonidas_Leonidas Louis_Louis Lukas_Luke Lycaon Lygeas
			Makarios_Macarius Mákis Mark_Mark Matthew_Matthew Maurice_Maurice Max_Maximus Megareos Memnon Methodius_Methodius Michael_Michael Midas Milos Minos_Minos Mitsos Moses_Moses
			Nathaniel_Nathan Neophytus_Neophytus Neoptolemus_Neoptolemus Nestor Nicephorus_Nicephorus Nicholas_Nicholas Nicodemus_Nicodemus Niketas_Niketas Niphon_Niphon 
			Odysseus_Odysseus Oileus Oinomaos Oliver_Oliver Orestes_Orestes
			Pamphilus_Pamphilus Panagiotis_Panagiotis Pantoleon_Panteleimon Paris Parthenopeus Pascal_Pascal Patrick_Patrick Paul_Paul Pelagius_Pelagius Peleus Pelopas Pericles_Pericles Peter_Peter Philaretus_Philaretus Philip_Phillip Philotheos_Philotheus Phineas_Phineas Phoenix Plato_Plato Plisthenes Ploutarch_Plutarch Poeas Polydeukes Polykarp_Polycarp Polybius_Polybius Polyneices Polyphemos_Polyphemus Polyphontes Porphyrios_Porphyrius Priamus Pythagoras
			Raphael_Raphael Rhesus Richard_Richard Robert_Robert Roman_Roman 
			Samuel_Samuel Serapion_Serapion Sebastian_Sebastian Sergio_Sergius Socrates Sophocles Spyridon Stavros Stephan_Stephen Stratos Symeon_Simon 
			Takis Tasos Telamon Thanos_Athanasius Theocharis_Theocharis Theodore_Theodore Theodosius_Theodosius Theokritos_Theocritus Theoktistos_Theoctistus Theophanes_Theophanes Theophilus_Theophilus Theophylact_Theophylact Theseas Thomas_Thomas Thyestes Tiber_Tiberius Tiphys Trajan_Trajan Timoleon Timothy_Timothy Tryphon_Tryphon Tydeus
			Valerius_Valerius Vardas_Bardas Vellerophon_Bellerophontes Vellerophontes_Bellerophontes Victor_Victor Vrasidas 
            Walter_Walter William_William
			Zachary_Zachary Zenon_Zenon
		}
		female_names = {
			Abigail_Abigail Adriane_Adriana Aethra Agatha_Agatha Aglaia Agnes_Agnes Alexandra_Alexandra Alexia_Alexia Alice_Alice Anastasia_Anastasia Andromeda Anna_Anna Anthe Anthousa Antipatra Antonia_Antonia Apollonia_Apollonia Ashley_Ashley Atalanta Athanasia_Athanasia 
			Barbara_Barbara Bethany_Bethany Bianca_Blanche Bridget_Bridget
			Cassandra Catherine_Catherine Chloe_Chloe Christina_Christina Cleopatra_Cleopatra
			Demetra_Demetra Diomede Dionysia_Dionysia Dorothy_Dorothy 
			Elizabeth_Elizabeth Emily_Emily Epiphania_Epiphania Eudocia_Eudocia Eugenia_Eugenia Eulalia_Eulalia Eunice_Eunice Euphemia_Euphemia Euphrasia_Euphrasia Euphrosyne_Euphrosyne Eupraxia_Eupraxia Eusebia_Eusebia Eustathia_Eustathia Evanthia_Evanthia 
			Gabriela_Gabriela Georgia_Georgia Grace_Grace 
			Haley_Haley Helen_Helen 
			Iphis Irene_Irene Ismene
			Jane_Jane Jennifer_Jennifer Jessica_Jessica Julia_Julia Justine_Justina
			Kimberly_Kimberly Konstantia_Constantia Konstantina_Constantina Kyra_Kyra
			Lauren_Lauren Louise_Louise Lydia_Lydia
			Margaret_Margaret Maria_Mary Marina_Marina Martha_Martha Melissa_Melissa
			Natalie_Natalie Nicole_Nicole 
            Olivia_Olivia Olympia_Olympia
			Parthena_Parthena Paulina_Paula Pelagia_Pelagia Penelope Petronia_Petronia Philippa_Philippa Phyllis_Phyllis 
			Rachel_Rachel Rebecca_Rebecca Rhodanthe_Rhodanthe Romana_Romana 
			Sarah_Sarah Sibyl_Sibyl Simone_Simone Sophia_Sophia Stella Stephania_Stephanie 
			Tamara_Tamar Thalia Theodora_Theodora Theodosia_Theodosia Theognosia_Theognosia Theresa_Theresa 
            Valeria_Valeria Victoria_Victoria Vivian_Vivian 
			Zoey_Zoe
		}

		from_dynasty_prefix = "apo "

		feminist = yes
		# Chance of male children being named after their paternal or maternal grandfather, or their father. Sum must not exceed 100.
		pat_grf_name_chance = 50
		mat_grf_name_chance = 50
		father_name_chance = 0
		
		# Chance of female children being named after their paternal or maternal grandmother, or their mother. Sum must not exceed 100.
		pat_grm_name_chance = 50
		mat_grm_name_chance = 50
		mother_name_chance = 0
		
		disinherit_from_blinding = yes

		modifier = default_culture_modifier
	}
 	intianoi = { #Midwest Greeks
		graphical_cultures = { byzantinegfx }
		
		color = { 137 5 252 }

		male_names = {
			Aaron_Aaron Achilles_Achilles Adrian_Adrian Aias Aisymnos Akis Alexander_Alexander Alexis_Alexis Anastas_Anastasius Anatolios_Anatolius Andrew_Andrew Andronikos_Andronicus Anthemios_Anthemius Antioch_Antiochus Anthony_Anthony Adonis_Anthony Apollonius_Apollonius Argyris Aristarchos Aristides_Aristides Aristotle_Aristotle Arsenios_Arsenius Artemios_Artemius Arthur_Arthur Athanasios_Athanasius Augustine_Augustine
			Bartholomew_Bartholomew Basil_Basil Benedict_Benedict Benjamin_Benjamin Blake Brandon_Brandon Brett Brian_Brian
			Caesar_Caesar Caleb_Caleb Calvin_Calvin Charles_Charles Christian_Christian Christopher_Christopher Chrysanthus_Chrysanthus Constantine_Constantine Cyril_Cyril Cyrus_Cyrus 
			Dalton Damian_Damian Daniel_Daniel David_David Demetri_Demetrius Diogenes_Diogenes Diomedes_Diomedes Dionysus_Dionysus 
			Edgar_Edgar Edward_Edward Elias_Elijah Emmanuel_Emmanuel Erik_Erik Eros Eugene_Eugene Euclides_Euclides Eumaios Euphemius_Euphemius Eusebius_Eusebius Evangelos_Evangelus
            Felix_Felix Ferdinand_Ferdinand Ford Francis_Francis Frederick_Frederick
			Gabriel_Gabriel Gennaios Giorgos_George Gerard_Gerard Gerasimus_Gerasimus German_German Giannis_John Gregory_Gregory 
			Hector_Hector Henry_Henry Heraklis_Hercules Herodotus_Herodotus Himerius_Himerius Hippocrate Homer Howard Hypatius_Hypatius 
			Idas Idomeneus Ignatius_Ignatius Isaac_Isaac Isaiah_Isaiah Isidore_Isidore 
			Jacob_Jacob Jason_Jason Jeremy_Jeremy John_John Jordan_Jordan Joseph_Joseph Julian_Julian Justin_Justin
			Kadmos_Cadmus Kallistos_Callistus Kastor_Castor Kevin_Kevin Kleomenis Komitas_Komitas Kostas_Constans Kopreus Kosmss_Cosmas Kratos Kreon Kyle
			Laertes Laios Lasthenes Lawrence_Lawrence Lazarus_Lazarus Leon_Leo Leonidas_Leonidas Louis_Louis Lukas_Luke Lycaon Lygeas
			Makarios_Macarius Mákis Mark_Mark Matthew_Matthew Maurice_Maurice Max_Maximus Megareos Memnon Methodius_Methodius Michael_Michael Midas Milos Minos_Minos Mitsos Moses_Moses
			Nathaniel_Nathan Neophytus_Neophytus Neoptolemus_Neoptolemus Nestor Nicephorus_Nicephorus Nicholas_Nicholas Nicodemus_Nicodemus Niketas_Niketas Niphon_Niphon 
			Odysseus_Odysseus Oileus Oinomaos Oliver_Oliver Orestes_Orestes
			Pamphilus_Pamphilus Panagiotis_Panagiotis Pantoleon_Panteleimon Paris Parthenopeus Pascal_Pascal Patrick_Patrick Paul_Paul Pelagius_Pelagius Peleus Pelopas Pericles_Pericles Peter_Peter Philaretus_Philaretus Philip_Phillip Philotheos_Philotheus Phineas_Phineas Phoenix Plato_Plato Plisthenes Ploutarch_Plutarch Poeas Polydeukes Polykarp_Polycarp Polybius_Polybius Polyneices Polyphemos_Polyphemus Polyphontes Porphyrios_Porphyrius Priamus Pythagoras
			Raphael_Raphael Rhesus Richard_Richard Robert_Robert Roman_Roman 
			Samuel_Samuel Serapion_Serapion Sebastian_Sebastian Sergio_Sergius Socrates Sophocles Spyridon Stavros Stephan_Stephen Stratos Symeon_Simon 
			Takis Tasos Telamon Thanos_Athanasius Theocharis_Theocharis Theodore_Theodore Theodosius_Theodosius Theokritos_Theocritus Theoktistos_Theoctistus Theophanes_Theophanes Theophilus_Theophilus Theophylact_Theophylact Theseas Thomas_Thomas Thyestes Tiber_Tiberius Tiphys Trajan_Trajan Timoleon Timothy_Timothy Tryphon_Tryphon Tydeus
			Valerius_Valerius Vardas_Bardas Vellerophon_Bellerophontes Vellerophontes_Bellerophontes Victor_Victor Vrasidas 
            Walter_Walter William_William
			Zachary_Zachary Zenon_Zenon
		}
		female_names = {
			Abigail_Abigail Adriane_Adriana Aethra Agatha_Agatha Aglaia Agnes_Agnes Alexandra_Alexandra Alexia_Alexia Alice_Alice Anastasia_Anastasia Andromeda Anna_Anna Anthe Anthousa Antipatra Antonia_Antonia Apollonia_Apollonia Ashley_Ashley Atalanta Athanasia_Athanasia 
			Barbara_Barbara Bethany_Bethany Bianca_Blanche Bridget_Bridget
			Cassandra Catherine_Catherine Chloe_Chloe Christina_Christina Cleopatra_Cleopatra
			Demetra_Demetra Diomede Dionysia_Dionysia Dorothy_Dorothy 
			Elizabeth_Elizabeth Emily_Emily Epiphania_Epiphania Eudocia_Eudocia Eugenia_Eugenia Eulalia_Eulalia Eunice_Eunice Euphemia_Euphemia Euphrasia_Euphrasia Euphrosyne_Euphrosyne Eupraxia_Eupraxia Eusebia_Eusebia Eustathia_Eustathia Evanthia_Evanthia 
			Gabriela_Gabriela Georgia_Georgia Grace_Grace 
			Haley_Haley Helen_Helen 
			Iphis Irene_Irene Ismene
			Jane_Jane Jennifer_Jennifer Jessica_Jessica Julia_Julia Justine_Justina
			Kimberly_Kimberly Konstantia_Constantia Konstantina_Constantina Kyra_Kyra
			Lauren_Lauren Louise_Louise Lydia_Lydia
			Margaret_Margaret Maria_Mary Marina_Marina Martha_Martha Melissa_Melissa
			Natalie_Natalie Nicole_Nicole 
            Olivia_Olivia Olympia_Olympia
			Parthena_Parthena Paulina_Paula Pelagia_Pelagia Penelope Petronia_Petronia Philippa_Philippa Phyllis_Phyllis 
			Rachel_Rachel Rebecca_Rebecca Rhodanthe_Rhodanthe Romana_Romana 
			Sarah_Sarah Sibyl_Sibyl Simone_Simone Sophia_Sophia Stella Stephania_Stephanie 
			Tamara_Tamar Thalia Theodora_Theodora Theodosia_Theodosia Theognosia_Theognosia Theresa_Theresa 
            Valeria_Valeria Victoria_Victoria Vivian_Vivian 
			Zoey_Zoe
		}

		from_dynasty_prefix = "apo "

		feminist = yes
		# Chance of male children being named after their paternal or maternal grandfather, or their father. Sum must not exceed 100.
		pat_grf_name_chance = 50
		mat_grf_name_chance = 50
		father_name_chance = 0
		
		# Chance of female children being named after their paternal or maternal grandmother, or their mother. Sum must not exceed 100.
		pat_grm_name_chance = 50
		mat_grm_name_chance = 50
		mother_name_chance = 0
		
		disinherit_from_blinding = yes

		modifier = default_culture_modifier
	}
	kanadoi = { #Canadian Greeks
		graphical_cultures = { byzantinegfx }
		
		color = { 149 19 209 }

		male_names = {
			Aaron_Aaron Achilles_Achilles Adrian_Adrian Aias Aisymnos Akis Alexander_Alexander Alexis_Alexis Anastas_Anastasius Anatolios_Anatolius Andrew_Andrew Andronikos_Andronicus Anthemios_Anthemius Antioch_Antiochus Anthony_Anthony Adonis_Anthony Apollonius_Apollonius Argyris Aristarchos Aristides_Aristides Aristotle_Aristotle Arsenios_Arsenius Artemios_Artemius Arthur_Arthur Athanasios_Athanasius Augustine_Augustine
			Bartholomew_Bartholomew Basil_Basil Benedict_Benedict Benjamin_Benjamin Blake Brandon_Brandon Brett Brian_Brian
			Caesar_Caesar Caleb_Caleb Calvin_Calvin Charles_Charles Christian_Christian Christopher_Christopher Chrysanthus_Chrysanthus Constantine_Constantine Cyril_Cyril Cyrus_Cyrus 
			Dalton Damian_Damian Daniel_Daniel David_David Demetri_Demetrius Diogenes_Diogenes Diomedes_Diomedes Dionysus_Dionysus 
			Edgar_Edgar Edward_Edward Elias_Elijah Emmanuel_Emmanuel Erik_Erik Eros Eugene_Eugene Euclides_Euclides Eumaios Euphemius_Euphemius Eusebius_Eusebius Evangelos_Evangelus
            Felix_Felix Ferdinand_Ferdinand Ford Francis_Francis Frederick_Frederick
			Gabriel_Gabriel Gennaios Giorgos_George Gerard_Gerard Gerasimus_Gerasimus German_German Giannis_John Gregory_Gregory 
			Hector_Hector Henry_Henry Heraklis_Hercules Herodotus_Herodotus Himerius_Himerius Hippocrate Homer Howard Hypatius_Hypatius 
			Idas Idomeneus Ignatius_Ignatius Isaac_Isaac Isaiah_Isaiah Isidore_Isidore 
			Jacob_Jacob Jason_Jason Jeremy_Jeremy John_John Jordan_Jordan Joseph_Joseph Julian_Julian Justin_Justin
			Kadmos_Cadmus Kallistos_Callistus Kastor_Castor Kevin_Kevin Kleomenis Komitas_Komitas Kostas_Constans Kopreus Kosmss_Cosmas Kratos Kreon Kyle
			Laertes Laios Lasthenes Lawrence_Lawrence Lazarus_Lazarus Leon_Leo Leonidas_Leonidas Louis_Louis Lukas_Luke Lycaon Lygeas
			Makarios_Macarius Mákis Mark_Mark Matthew_Matthew Maurice_Maurice Max_Maximus Megareos Memnon Methodius_Methodius Michael_Michael Midas Milos Minos_Minos Mitsos Moses_Moses
			Nathaniel_Nathan Neophytus_Neophytus Neoptolemus_Neoptolemus Nestor Nicephorus_Nicephorus Nicholas_Nicholas Nicodemus_Nicodemus Niketas_Niketas Niphon_Niphon 
			Odysseus_Odysseus Oileus Oinomaos Oliver_Oliver Orestes_Orestes
			Pamphilus_Pamphilus Panagiotis_Panagiotis Pantoleon_Panteleimon Paris Parthenopeus Pascal_Pascal Patrick_Patrick Paul_Paul Pelagius_Pelagius Peleus Pelopas Pericles_Pericles Peter_Peter Philaretus_Philaretus Philip_Phillip Philotheos_Philotheus Phineas_Phineas Phoenix Plato_Plato Plisthenes Ploutarch_Plutarch Poeas Polydeukes Polykarp_Polycarp Polybius_Polybius Polyneices Polyphemos_Polyphemus Polyphontes Porphyrios_Porphyrius Priamus Pythagoras
			Raphael_Raphael Rhesus Richard_Richard Robert_Robert Roman_Roman 
			Samuel_Samuel Serapion_Serapion Sebastian_Sebastian Sergio_Sergius Socrates Sophocles Sotirios Spyridon Stavros Stephan_Stephen Stratos Symeon_Simon 
			Takis Tasos Telamon Thanos_Athanasius Theocharis_Theocharis Theodore_Theodore Theodosius_Theodosius Theokritos_Theocritus Theoktistos_Theoctistus Theophanes_Theophanes Theophilus_Theophilus Theophylact_Theophylact Theseas Thomas_Thomas Thyestes Tiber_Tiberius Tiphys Trajan_Trajan Timoleon Timothy_Timothy Tryphon_Tryphon Tydeus
			Valerius_Valerius Vardas_Bardas Vellerophon_Bellerophontes Vellerophontes_Bellerophontes Victor_Victor Vrasidas 
            Walter_Walter William_William
			Zachary_Zachary Zenon_Zenon
		}
		female_names = {
			Abigail_Abigail Adriane_Adriana Aethra Agatha_Agatha Aglaia Agnes_Agnes Alexandra_Alexandra Alexia_Alexia Alice_Alice Anastasia_Anastasia Andromeda Anna_Anna Anthe Anthousa Antipatra Antonia_Antonia Apollonia_Apollonia Ashley_Ashley Atalanta Athanasia_Athanasia 
			Barbara_Barbara Bethany_Bethany Bianca_Blanche Bridget_Bridget
			Cassandra Catherine_Catherine Chloe_Chloe Christina_Christina Cleopatra_Cleopatra
			Demetra_Demetra Diomede Dionysia_Dionysia Dorothy_Dorothy 
			Elizabeth_Elizabeth Emily_Emily Epiphania_Epiphania Eudocia_Eudocia Eugenia_Eugenia Eulalia_Eulalia Eunice_Eunice Euphemia_Euphemia Euphrasia_Euphrasia Euphrosyne_Euphrosyne Eupraxia_Eupraxia Eusebia_Eusebia Eustathia_Eustathia Evanthia_Evanthia 
			Gabriela_Gabriela Georgia_Georgia Grace_Grace 
			Haley_Haley Helen_Helen 
			Iphis Irene_Irene Ismene
			Jane_Jane Jennifer_Jennifer Jessica_Jessica Julia_Julia Justine_Justina
			Kimberly_Kimberly Konstantia_Constantia Konstantina_Constantina Kyra_Kyra
			Lauren_Lauren Louise_Louise Lydia_Lydia
			Margaret_Margaret Maria_Mary Marina_Marina Martha_Martha Melissa_Melissa
			Natalie_Natalie Nicole_Nicole 
            Olivia_Olivia Olympia_Olympia
			Parthena_Parthena Paulina_Paula Pelagia_Pelagia Penelope Petronia_Petronia Philippa_Philippa Phyllis_Phyllis 
			Rachel_Rachel Rebecca_Rebecca Rhodanthe_Rhodanthe Romana_Romana 
			Sarah_Sarah Sibyl_Sibyl Simone_Simone Sophia_Sophia Stella Stephania_Stephanie 
			Tamara_Tamar Thalia Theodora_Theodora Theodosia_Theodosia Theognosia_Theognosia Theresa_Theresa 
            Valeria_Valeria Victoria_Victoria Vivian_Vivian 
			Zoey_Zoe
		}

		from_dynasty_prefix = "apo "
		feminist = yes
		
		# Chance of male children being named after their paternal or maternal grandfather, or their father. Sum must not exceed 100.
		pat_grf_name_chance = 50
		mat_grf_name_chance = 50
		father_name_chance = 0
		
		# Chance of female children being named after their paternal or maternal grandmother, or their mother. Sum must not exceed 100.
		pat_grm_name_chance = 50
		mat_grm_name_chance = 50
		mother_name_chance = 0
		
		disinherit_from_blinding = yes

		modifier = default_culture_modifier
	}
	minoan = { #Cuban melting pot
		graphical_cultures = { byzantinegfx }
		
		color = { 127 3 252 }

		male_names = {
			Abel Adalbertos Addiel Agostinos Agustínos_Augustine Albertos_Albert Albitos Alcibiades Alejandros_Alexander Alexis Alfredo_Alfred Alían Aliecer Alinos Álvaros_Alvaro Amadeo Ámparos André_Andrew Ángelos_Angel Anselmos_Anselm Antonios_Anthony Arian Ariel Armentarios Arnoldos Arsenios Arturos_Arthur Aurelios_Aurelius
			Bachiris Barbaritos Bartolomé_Bartholomew Basilios Batista Bienvenido "Blas Roca" Bola Bolivar Braulio Brian Bruzón 
			Calixto Cándido Carlos_Charles Casanovas Castro César_Caesar Chucho Chutek Claudio Cristóbal_Christopher Compay Cucuas 
			Dagoberto Dámaso Damiános_Damian Danilo Dayron Delfín Demetrio_Dimitri Desiderio Dialenli Didier Diego 
			Eduardo_Edward Efraín_Ephraim Eliades Elián Eliécer Elvis Emeterio Emiliano Emilio Enrique_Henry Erick_Eric Ernesto_Ernest Escobar Esteban_Stephen Eusebio 
			Fadrique Faizon Fayad Federicos_Frederick Felippos_Phillip Félix_Felix Fernandos_Ferdinand Fidel Fidelios Flores Francisco_Francis Fulgencio 
			Garcia Gasparas Gonzalo_Gonzalo Guilliermos_William Guy 
			Hatüey Héctoras_Hector Hernando_Hernan Hidalgo Higinios Hugo Humberto 
			Ibrahim_Abraham Idoney Ignacio Isidoro_Isidor Issac 
			Jacinto Javier Jerónimo Jesús_Jesus Joan Johny Jorge_George José_Joseph Juan_John Julio_Julius Justice 
			Laureano_Lawrence Lázaro_Lazarus Leodanis Léon_Leo Leonardo_Leonard Liober Liván Lolo Lorenzos_Lawrence Luis_Louis
			Mailoco Manuel_Immanuel Marcos Mariano Marios Marlon Marquise Martinos_Martin Mauricio_Maurice Máximo Metopio Miguelito_Michael Moisés_Moses Minos_Minos Moreno 
			Neisser Nelson Nicasio Nicolás_Nicholas Norberto Núñez Nuno 
			Octavios_Octavius Orestes Orlando Orosio Osbel Óscar_Oscar Osmany Osvaldo_Oswald Omar
			Pablos_Paul Pacheco Paulos_Paul Pedros_Peter Periquito Perucho Pío Ponciano 
			Rabinato Rafael_Raphael Ramón Raúl Raydel Recaredo Reinaldo Reinier Rene Repilado Rey Ricardo_Richard Roberto_Robert Rolando_Roland Romario Romy Rosel Rosendo Rubén_Ruben Rudy 
			Sabarico Sancho Saturnino Sebastián_Sebastian Sergio_Sergius Servando Severino Severo Silvio Simon Sol Suario 
			Teodomiros_Theodore Tico Tomás_Thomas Tumelo 
			Ulpiano
			Vascos Versalles Vicente_Vincent Víctor_Victor Vidal Voltairos 
			Walfredo Wilber Wifredo_Wilfred 
			Xavier Xerome_Jerome
			Yandy Yankos Yasmany Yiandros Yordanis Yotuel Yunel Yuniel Yunier Yuniesqui 
			Zoilo 
		}
		female_names = {
			Addys Adela Agustina_Augustine Albita Ale Alina Ana_Anna Anaima Anga Angela Anisley Annalie Antonia_Antonia Ariana Aylín_Eileen Aymee_Amy 
			Beatriz_Beatrice Blanca 
			Camila Candelaria Cari Caridad Carilda Carolina Celeste Celina Chalía Clara Cucu 
			Daína Daniela Dariana Dayma Diana Diosa Dolores Dulce Dunia 
			Elaine Elena Elia Elisa Ella Ely Emma Esperanza Esther Evelyn 
			Francisca Fredesvinda 
			Gabriela_Gabriela Georgina Gertrudis_Gertrude Gilda Gloria 
			Haila Haydée_Heidi 
			Ioamnet Isa Isabella Isbet Isolina Issabella Ivian 
			Jamillette Jessica Joann Jonte 
			Katerine_Catherine
			Lauren Leyanis Liaena Liliana Lina Lissette Lizbet_Elizabeth Lora Loreta Lucila Lydia 
			Magaly Manela Margarita_Margaret Maria Marianela Maricela Marlene Marta Mayelin Melba Mey Mirabal Mireya Mirta Monika Moraima 
			Nathalia_Natalie Nelsis Nitza Nivaria Noema 
			Odalys Oleydis Olivia Omara Osleidys 
			Pasifai Perla Polita
			Regla Rosa_Rose Rosalina_Rosalind Rosario Rosaura 
			Sadaise 
			Tasha Teté 
			Vanesa Velia Vida Vilma 
			Wendy 
			Xiomara 
			Yaimara Yamy Yaneisy Yanet Yanetsy Yanitzia Yany Yaraina Yargelis Yenifer Yeny Yipsi Yoandri Yudelkis Yunaika Yunaisy Yunaisys Yunior 
			Zamira Zoé_Zoe
		}

		parent = cubano
		from_dynasty_prefix = "tou "
		#grammar_transform = spanish

		# Chance of male children being named after their paternal or maternal grandfather, or their father. Sum must not exceed 100.
		pat_grf_name_chance = 40
		mat_grf_name_chance = 40
		father_name_chance = 15
		
		# Chance of female children being named after their paternal or maternal grandmother, or their mother. Sum must not exceed 100.
		pat_grm_name_chance = 20
		mat_grm_name_chance = 20
		mother_name_chance = 20
		
		disinherit_from_blinding = yes
		feminist = yes
		allow_looting = yes
		seafarer = yes

		modifier = default_culture_modifier
	}
}