californio_group = {
    graphical_cultures = { southerngfx }

    ranchero = { # Spanglish Mojaveans, somewhat Americanized Spanish names mostly
        graphical_cultures = { southerngfx }

        color = { 204 167 20 }       

        male_names = {
            Aaron_Aaron Abraxas_Abraxas Adam_Adam Adrian_Adrian Alberto_Albert Alejandro_Alexander Alfonso_Alphonse Alfredo_Alfred Allan_Alan Alvaro_Alvar Alvin_Alvin Amador_Amato Andres_Andrew Antonio_Anthony Arturo_Arthur Aurelio_Aurelius
			Barrett Basilio_Basil Bautista_Baptist Beltran_Bertram Benito_Benedict Benjamin_Benjamin Bernardo_Bernard Blake Braden Bradley_Bradley Brandon_Brandon Brayan_Brian Brent Brett Bruce Bruno_Bruno
			Caleb_Caleb Calvin_Calvin Camilo_Camillus Carlos_Charles Carter Cedro_Cedric Cesar_Caesar Chandler Chester_Chester Claudio_Claudius Cody Colin_Colin Connor_Connor Cristian_Christian Cristopher_Christopher 
			Dalton Damian_Damian Daniel_Daniel Dante_Dante Dario_Darius David_David Dawson Denis_Dionysius Derrick_Theodoric Diego_Diego Dilan_Dylan Domingo_Dominic Duncan Dustin
			Edgar_Edgar Edison Edmundo_Edmund Eduardo_Edward Eladio_Helladius Elias_Elijah Emilio_Emil Enrique_Henry Erik_Erik Ernesto_Ernest Esteban_Stephen Ezequiel_Ezekiel
			Fabian_Fabian Federico_Frederick Felipe_Phillip Felix_Felix Fernando_Ferdinand Francisco_Francis
			Gabriel_Gabriel Gael Garrett Gaston_Gaston George_George Gerardo_Gerard Gilberto_Gilbert Gonzalo_Gonzalo Gregorio_Gregory Guillermo_William Gustavo_Gustav
			Hayden Hector_Hector Henry_Henry Heriberto_Herbert Hugo_Hugh Hunter
			Ian_John Ignacio_Ignatius Isaac_Isaac Isaias_Isaiah Ismael_Ishmael Israel_Israel Ivan_John
			Jacob_Jacob Jaime_James Jared_Jared Jason_Jason Javier_Xavier Jeffrey_Geoffrey Jeremy_Jeremy Jesus_Jesus Joaquin_Joachim John_John Jorge_George Jose_Joseph Jonathan_Jonathan Jordan_Jordan Joshua_Joshua Juan_John Julian_Julian Julio_Julius Justin_Justin Justo_Justus
			Keegan Keith Kendall Kendrick_Henry Kenneth_Kenneth Kevin_Kevin Kyle
			Lance Lazaro_Lazarus Leon_Leo Leonardo_Leonard Lloyd Logan Lorenzo_Lawrence Lucas_Luke Luciano_Lucian Luis_Louis
			Manuel_Emmanuel Marcelo_Marcellus Mario_Marius Marcos_Mark Martin_Martin Mason Mateo_Matthew Mauricio_Maurice Maximiliano_Maximilian Miguel_Michael Miles Milton Mitchell Moses_Moses
			Natanael_Nathan Nelson_Neil Nestor_Nestor Nicolas_Nicholas Norberto_Norbert 
			Oliver_Oliver Omar_Umar Orlando_Roland Oscar_Oscar Osvaldo_Oswald
			Pablo_Paul Palmer Patricio_Patrick Pedro_Peter
			Rafael_Raphael Raimundo_Raymond Raul_Ralph Renato_Renatus Ricardo_Richard Roberto_Robert Robin_Robin Rodrigo_Roderick Roger_Roger Ronald_Ronald Ryan Ryder
			Samuel_Samuel Santiago_Diego Scott Sebastian_Sebastian Sergio_Sergius Seth Simon_Simon Spencer
			Tadeo_Thaddeus Tanner Taylor Theodore_Theodore Timoteo_Timothy Tito_Titus Tomas_Thomas Travis Trevor Tristan_Tristan
			Valentino_Valentine Vicente_Vincent Victor_Victor
			Walter_Walter Wayne Wilson_William Wyatt
			Zachary_Zachary	
        }

        female_names = {
            Abigail_Abigail Abril_April Addison Adelita_Adela Adriana_Adriana Aitana Alejandra_Alexandra Alexis_Alexia Alicia_Alice Alondra Alyssa Amanda_Amanda Amber_Amber Amy Andrea_Andrea Angela_Angela Anna_Anna Antonia_Antonia Araceli Ashley_Ashley Athena Audrey
			Beatriz_Beatrix Belicia Bethany_Bethany Bianca_Blanche Bridget_Bridget
			Caitlin_Caitlin Camila_Camilla Carlota_Charlotte Carmen_Carmen Carolina_Caroline Catalina_Catherine Cecilia_Cecilia Chelsea_Chelsea Cheryl_Cheryl Chloe_Chloe Clara_Clara Claudia_Claudia Cristina_Christina 
			Daniela_Daniela Diana_Diana Dolores_Dolores Dorothy_Dorothy
			Edith_Edith Elena_Helen Elizabeth_Elizabeth Emilia_Emily Emma_Emma Esmeralda Esperanza Esther_Esther Eva_Eve
			Fatima_Fatima Felicia_Felicia Francesca_Frances
			Gabriela_Gabriela Gloria_Gloria Guadalupe_Guadalupe
			Hannah_Hannah Hayley_Haley Heather_Heather Hilaria_Hilary Holly_Holly
			Ingrid_Ingrid Irene_Irene Isabel_Elizabeth Isabela_Elizabeth 
			Jade_Jade Jazmin_Jasmine Jessica_Jessica Josefina_Josephine Juana_Jane Judith_Judith Juliana_Juliana Julieta_Julia Julissa_Julia
			Keanna Kelly_Kelly Kelsey_Kelsey Kimberly_Kimberly
			Laura_Laura Lauren_Lauren Leonor_Eleanor Lucia_Lucia Luisa_Louise Luna_Luna Lydia_Lydia
			Magdalena_Madeline Margarita_Margaret Mariana_Mariana Maria_Mary Martha_Martha Megan_Margaret Melissa_Melissa Mercedes Micaela_Michelle Milagros_Milagros Miranda_Miranda Molly_Mary Monica_Monica
			Natalia_Natalie Nicole_Nicole Nora_Eleanor
			Olivia_Olivia
			Paloma_Paloma Patricia_Patricia Paulina_Paula 
			Raquel_Rachel Rebecca_Rebecca Regina_Regina Renata_Renata Rocio Rosa_Rosa Roxana_Roxana
			Sabrina Samanta_Samantha Sandra_Alexandra Sara_Sarah Serena_Serena Silvia_Silvia Sofia_Sophia Summer Susanna_Susan 
			Teresa_Theresa
			Valeria_Valeria Vanessa_Vanessa Veronica_Veronica Victoria_Victoria Violeta_Violet
			Ximena_Simone
			Yamileth_Jamilah Yasmin_Jasmine	
			Zoe_Zoe           
        }

        from_dynasty_prefix = "de "

        modifier = default_culture_modifier
        feminist = no

        pat_grf_name_chance = 45
		mat_grf_name_chance = 15
		father_name_chance = 30
		
		pat_grm_name_chance = 40
		mat_grm_name_chance = 10
		mother_name_chance = 40
    }
	
    angeleno = { # Los Angeles people, heavily Anglicized
        graphical_cultures = { southerngfx }

        color = { 229 229 68 }

        male_names = {
            Aaron_Aaron Abraxas_Abraxas Adam_Adam Adrian_Adrian Alberto_Albert Alexander_Alexander Alfredo_Alfred Allan_Alan Alonso_Alphonse Alvin_Alvin Amador_Amato Andres_Andrew Antonio_Anthony Arturo_Arthur Austin_Augustine
			Barrett Basilio_Basil Baxter Beltran_Bertram Benito_Benedict Benjamin_Benjamin Bernardo_Bernard Blake Braden Bradley_Bradley Brandon_Brandon Braxton Brent Brett Brian_Brian Brody Bruce Bruno_Bruno
			Caden Caleb_Caleb Calvin_Calvin Camilo_Camillus Carlos_Charles Carter Cedro_Cedric Cesar_Caesar Chad Chandler Chester_Chester Christopher_Christopher Clint Cody Colby Colin_Colin Connor_Connor Craig Cristian_Christian 
			Dakota Dalton Damian_Damian Daniel_Daniel Dante_Dante Dario_Darius Darwin David_David Dawson Dax Dean Denis_Dionysius Derrick_Theodoric Dexter Diego_Diego Dolph_Adolf Dominic_Dominic Drake Duke Duncan Dustin Dutch Dwight Dylan
			Edgar_Edgar Eduardo_Edward Elijah_Elijah Emilio_Emil Enrique_Henry Eric_Erik Esteban_Stephen Eugene_Eugene
			Fabian_Fabian Federico_Frederick Felipe_Phillip Felix_Felix Fernando_Ferdinand Finn Fletcher Francisco_Francis
			Gabriel_Gabriel Garland Garrett George_George Gerardo_Gerard Grant Gregorio_Gregory
			Harrison_Henry Hayden Heath Hendricks_Henry Henry_Henry Hunter
			Ian_John Ignacio_Ignatius Isaac_Isaac Isaiah_Isaiah Ivan_John
			Jack_John Jacob_Jacob Jaime_James Jared_Jared Jason_Jason Javier_Xavier Jeffrey_Geoffrey Jeremy_Jeremy Joaquin_Joachim John_John Jorge_George Jose_Joseph Jonathan_Jonathan Jordan_Jordan Josh_Joshua Juan_John Julian_Julian Julio_Julius Justin_Justin
			Keegan Keith Kendall Kendrick_Henry Kenneth_Kenneth Kevin_Kevin Kirk Kyle
			Lamar Lance Leon_Leo Leonardo_Leonard Levi Lloyd Logan Lorenzo_Lawrence Lucas_Luke Luciano_Lucian Luis_Louis
			Manuel_Emmanuel Mario_Marius Marcos_Mark Martin_Martin Mason Matthew_Matthew Mauricio_Maurice Maximiliano_Maximilian Miguel_Michael Miles Millard Milton Mitchell Montgomery Moses_Moses
			Nathan_Nathan Nelson_Neil Nicolas_Nicholas Noah_Noah 
			Oakley Oliver_Oliver Omar_Umar Orlando_Roland
			Pablo_Paul Palmer Parker Patricio_Patrick Pedro_Peter Phoenix Porter
			Quinn
			Rafael_Raphael Raimundo_Raymond Raul_Ralph Reece Remington Rex Rhett Ricardo_Richard Roberto_Robert Robin_Robin Rodrigo_Roderick Roger_Roger Ronald_Ronald Ross Ryan Ryder
			Samuel_Samuel Santiago_Diego Scott Sebastian_Sebastian Seth Shane_John Shepherd Simon_Simon Spencer Steven_Stephen Storm
			Tadeo_Thaddeus Tanner Taylor Theodore_Theodore Tim_Timothy Tomas_Thomas Travis Trent Trevor Tristan_Tristan Tyrone Tyson
			Valentino_Valentine Vance Vicente_Vincent Victor_Victor
			Walker Walter_Walter Wayne William_William Wyatt
			Zachary_Zachary	
        }

        female_names = {
            Abigail_Abigail Abril_April Addison Adelita_Adela Adriana_Adriana Aitana Alejandra_Alexandra Alexis_Alexia Alice_Alice Alyssa Amanda_Amanda Amber_Amber Amy Andrea_Andrea Angela_Angela Anne_Anna Araceli Ashley_Ashley Athena Audrey
			Belicia Bethany_Bethany Bianca_Blanche Blakely Bridget_Bridget
			Caitlin_Caitlin Camila_Camilla Carlota_Charlotte Carolina_Caroline Catalina_Catherine Cecilia_Cecilia Chelsea_Chelsea Cheryl_Cheryl Chloe_Chloe Cristina_Christina Crystal_Crystal 
			Daniela_Daniela Diana_Diana Dolores_Dolores Dorothy_Dorothy
			Edith_Edith Elena_Helen Elizabeth_Elizabeth Emilia_Emily Emma_Emma Esther_Esther
			Fatima_Fatima Felicia_Felicia Francesca_Frances
			Gabriela_Gabriela Gloria_Gloria Guadalupe_Guadalupe
			Hannah_Hannah Hayley_Haley Heather_Heather Holly_Holly
			Irene_Irene Isabel_Elizabeth Isabella_Elizabeth Ivana_Jane 
			Jade_Jade Jane_Jane Jazmin_Jasmine Jessica_Jessica Joanna_Jane Josefina_Josephine Juana_Jane Judy_Judith Juliana_Juliana Julieta_Julia
			Katherine_Catherine Keanna Kelly_Kelly Kelsey_Kelsey Kimberly_Kimberly
			Laura_Laura Lauren_Lauren Leonor_Eleanor Lucia_Lucia Luisa_Louise Luna_Luna Lydia_Lydia
			Magdalena_Madeline Margarita_Margaret Mariana_Mariana Maria_Mary Martha_Martha Megan_Margaret Melissa_Melissa Micaela_Michelle Milagros_Milagros Miranda_Miranda Molly_Mary Monica_Monica
			Natalia_Natalie Nicole_Nicole Nora_Eleanor
			Paloma_Paloma Paulina_Paula 
			Raquel_Rachel Rebecca_Rebecca Regina_Regina Renata_Renata Rocio Rosa_Rosa
			Samanta_Samantha Sara_Sarah Serena_Serena Silvia_Silvia Sofia_Sophia Stephanie_Stephanie Summer Susanna_Susan 
			Teresa_Theresa
			Valeria_Valeria Vanessa_Vanessa Veronica_Veronica Victoria_Victoria Violeta_Violet
			Ximena_Simone
			Yamileth_Jamilah Yasmin_Jasmine	
			Zoey_Zoe           
        }

        from_dynasty_prefix = "de "

        modifier = default_culture_modifier
        feminist = no

        pat_grf_name_chance = 45
		mat_grf_name_chance = 15
		father_name_chance = 30
		
		pat_grm_name_chance = 40
		mat_grm_name_chance = 10
		mother_name_chance = 40
    }
	
    californio = { # San Diego + Northern Baja, mostly Spanish with some Anglo influence
        graphical_cultures = { southerngfx }

        color = { 229 135 68 }

        male_names = {
            Aarón_Aaron Abraxas_Abraxas Adán_Adam Adrián_Adrian Alberto_Albert Alejandro_Alexander Alfonso_Alphonse Alfredo_Alfred Allan_Alan Álvaro_Alvar Alvin_Alvin Amador_Amato Andrés_Andrew Ángel_Angel Antonio_Anthony Arturo_Arthur Aurelio_Aurelius
			Barrett Basilio_Basil Bartolomé_Bartholomew Bautista_Baptist Beltran_Bertram Benito_Benedict Benjamín_Benjamin Bernardo_Bernard Blake Braden Bradley_Bradley Brandon_Brandon Brayan_Brian Brent Brett Bruce Bruno_Bruno
			Caleb_Caleb Calvin_Calvin Camilo_Camillus Carlos_Charles Carter Cedro_Cedric César_Caesar Chandler Chester_Chester Claudio_Claudius Cody Colin_Colin Connor_Connor Cristián_Christian Cristóbal_Christopher 
			Dalton Damian_Damian Daniel_Daniel Dante_Dante Dario_Darius David_David Dawson Denis_Dionysius Derrick_Theodoric Diego_Diego Dilan_Dylan Domingo_Dominic Duncan Dustin
			Édgar_Edgar Edison Edmundo_Edmund Eduardo_Edward Eladio_Helladius Elías_Elijah Emilio_Emil Enrique_Henry Erik_Erik Ernesto_Ernest Esteban_Stephen Ezequiel_Ezekiel
			Fabián_Fabian Federico_Frederick Felipe_Phillip Félix_Felix Fernando_Ferdinand Florián_Florian Francisco_Francis
			Gabriel_Gabriel Gael Garrett Gaston_Gaston George_George Gerardo_Gerard Germán_German Gilberto_Gilbert Gonzalo_Gonzalo Gregorio_Gregory Guillermo_William Gustavo_Gustav
			Hayden Héctor_Hector Heliodoro Heriberto_Herbert Hugo_Hugh Humberto_Humbert
			Ian_John Ignacio_Ignatius Isaac_Isaac Isaías_Isaiah Ismael_Ishmael Israel_Israel Iván_John
			Jacobo_Jacob Jaime_James Jared_Jared Jason_Jason Javier_Xavier Jeffrey_Geoffrey Jeremías_Jeremy Jesús_Jesus Joaquín_Joachim Jorge_George José_Joseph Jonatan_Jonathan Jordán_Jordan Josué_Joshua Juan_John Julian_Julian Julio_Julius Justin_Justin Justo_Justus
			Kendall Kenneth_Kenneth Kevin_Kevin Kyle
			Lázaro_Lazarus León_Leo Leonardo_Leonard Lloyd Logan Lorenzo_Lawrence Lucas_Luke Luciano_Lucian Luis_Louis
			Manuel_Emmanuel Marcelo_Marcellus Mario_Marius Marcos_Mark Martín_Martin Mason Mateo_Matthew Mauricio_Maurice Maximiliano_Maximilian Miguel_Michael Milton Moisés_Moses
			Natanael_Nathan Nelson_Neil Néstor_Nestor Nicolás_Nicholas Noé_Noah Norberto_Norbert 
			Oliver_Oliver Omar_Umar Orlando_Roland Óscar_Oscar Osvaldo_Oswald
			Pablo_Paul Palmer Patricio_Patrick Pedro_Peter
			Rafael_Raphael Ramón_Raymond Raúl_Ralph Renato_Renatus Ricardo_Richard Roberto_Robert Robin_Robin Rodrigo_Roderick Roger_Roger Román_Roman Rubén_Reuben Ryan
			Samuel_Samuel Santiago_Diego Saúl_Saul Sebastián_Sebastian Sergio_Sergius Simón_Simon Spencer
			Tadeo_Thaddeus Taylor Teodoro_Theodore Timoteo_Timothy Tito_Titus Tomás_Thomas Travis Trevor Tristán_Tristan
			Valentino_Valentine Vicente_Vincent Víctor_Victor
			Wálter_Walter Wilson_William
			Yoel_Joel
			Zachary_Zachary	
        }

        female_names = {
            Abigaíl_Abigail Abril_April Addison Adelita_Adela Adriana_Adriana Aitana Alejandra_Alexandra Alexis_Alexia Alicia_Alice Alondra Alyssa Amanda_Amanda Ámbar_Amber Amy Andrea_Andrea Angela_Angela Anna_Anna Antonia_Antonia Araceli Ashley_Ashley Asunción Aurelia_Aurelia
			Bárbara_Barbara Beatriz_Beatrix Belicia Bethany_Bethany Bianca_Blanche Bridget_Bridget
			Caitlin_Caitlin Camila_Camilla Carlota_Charlotte Carmen_Carmen Carolina_Caroline Catalina_Catherine Cecilia_Cecilia Chelsea_Chelsea Cheryl_Cheryl Chloe_Chloe Clara_Clara Claudia_Claudia Cristina_Christina 
			Daniela_Daniela Diana_Diana Dolores_Dolores Dorothy_Dorothy
			Edith_Edith Elena_Helen Elizabeth_Elizabeth Emilia_Emily Emma_Emma Esmeralda Esperanza Esther_Esther Eva_Eve
			Fatima_Fatima Felicia_Felicia Francesca_Frances
			Gabriela_Gabriela Gloria_Gloria Guadalupe_Guadalupe
			Hannah_Hannah Hayley_Haley Heather_Heather Hilaria_Hilary Holly_Holly
			Inés_Agnes Íngrid_Ingrid Irene_Irene Isabel_Elizabeth Isabela_Elizabeth 
			Jade_Jade Jazmin_Jasmine Jéssica_Jessica Josefina_Josephine Juana_Jane Judith_Judith Juliana_Juliana Julieta_Julia Julissa_Julia
			Keanna Kelly_Kelly Kelsey_Kelsey Kimberly_Kimberly
			Laura_Laura Lauren_Lauren Leonor_Eleanor Lucia_Lucia Luisa_Louise Luna_Luna Lydia_Lydia
			Magdalena_Madeline Margarita_Margaret Mariana_Mariana Maria_Mary Marta_Martha Melissa_Melissa Mercedes Micaela_Michelle Milagros_Milagros Miranda_Miranda Mónica_Monica
			Natalia_Natalie Nicole_Nicole Nora_Eleanor
			Olivia_Olivia
			Paloma_Paloma Patricia_Patricia Paulina_Paula 
			Raquel_Rachel Rebecca_Rebecca Regina_Regina Renata_Renata Rocio Rosa_Rosa Roxana_Roxana
			Sabrina Samanta_Samantha Sandra_Alexandra Sara_Sarah Serena_Serena Silvia_Silvia Sofía_Sophia Summer Susana_Susan 
			Teresa_Theresa
			Valeria_Valeria Vanessa_Vanessa Veronica_Veronica Victoria_Victoria Violeta_Violet
			Ximena_Simone
			Yamileth_Jamilah Yasmin_Jasmine	
			Zoe_Zoe           
        }

        from_dynasty_prefix = "de "

        modifier = default_culture_modifier
        feminist = no

        pat_grf_name_chance = 45
		mat_grf_name_chance = 15
		father_name_chance = 30
		
		pat_grm_name_chance = 40
		mat_grm_name_chance = 10
		mother_name_chance = 40
    }
    joaquino = {
        graphical_cultures = { southerngfx }

        color = { 255 128 38 }

        male_names = { #Mix of Spanish and English names, with Spanish names somewhat Anglicisised
			Aaron_Aaron Adam_Adam Adrian_Adrian Alberto_Albert Alejandro_Alexander Alexander_Alexander Allan_Alan Alonso_Alphonse Andrew_Andrew Antonio_Anthony Arturo_Arthur 
			Blake Braden Bradley_Bradley Brandon_Brandon Brent Brett Brian_Brian Brody Bruce Bryson_Brice
			Caden Caleb_Caleb Calvin_Calvin Carlos_Charles Carter Cesar_Caesar Chad_Chad Chandler Christian_Christian Christopher_Christopher Claudio_Claudius Cody Colin_Colin Connor_Connor
			Damian_Damian Daniel_Daniel David_David Diego_Diego Domingo_Dominic 
			Edgar_Edgar Edmundo_Edmund Eduardo_Edward Emilio_Emil Erik_Erik Enrique_Henry Esteban_Stephen 
			Fabian_Fabian Federico_Frederick Felipe_Phillip Felix_Felix Fernando_Ferdinand Francisco_Francis 
			Gabriel_Gabriel Garrett Geraldo_Gerald Gerard_Gerard Gonzalo_Gonzalo Gregorio_Gregory 
			Harrison_Henry Hector_Hector Hugo_Hugh Hunter
			Isaac_Isaac Israel_Israel Ivan_John
			Jacob_Jacob Jaime_James Jared_Jared Javier_Xavier Jonathan_Jonathan Jorge_George Jose_Joseph Juan_John Julian_Julian Julio_Julius 
			Kenneth_Kenneth Kevin_Kevin Kyle
			Leon_Leo Leonardo_Leonard Logan Lorenzo_Lawrence Lucas_Luke Luis_Louis 
			Marcelo_Marcellus Mario_Marius Martin_Martin Matthew_Matthew Mauricio_Maurice Miguel_Michael Moses_Moses 
			Nelson_Neil Nicolas_Nicholas Noah_Noah 
			Oliver_Oliver Omar_Umar Oscar_Oscar 
			Pablo_Paul Parker Patricio_Patrick Pedro_Peter 
			Rafael_Raphael Raimundo_Raymond Ramiro_Ramiro Raul_Ralph Renato_Renatus Reynaldo_Reynold Ricardo_Richard Roberto_Robert Rodrigo_Roderick Rolando_Roland Ryan
			Samuel_Samuel Sergio_Sergius Simon_Simon Spencer 
			Tanner Teodoro_Theodore Thomas_Thomas Timoteo_Timothy Trent Trevor Tristan_Tristan 
			Vicente_Vincent Victor_Victor 
			Walter_Walter William_William
			Zachary_Zachary
		}
		female_names = {
			Abigail_Abigail Abril_April Addison Agnes_Agnes Alana Alejandra_Alexandra Alexis_Alexia Alicia_Alice Alyssa Amanda_Amanda Amber_Amber Amy Anna_Anna Andrea_Andrea Angela_Angela Antonia_Antonia April_April Ashley_Ashley Athena Audrey
			Beatrix_Beatrix Bethany_Bethany Bianca_Blanche Bridget_Bridget
			Caitlin_Caitlin Camila_Camilla Carmen_Carmen Carolina_Caroline Catalina_Catherine Cecilia_Cecilia Charlotte_Charlotte Chelsea_Chelsea Cheryl_Cheryl Chloe_Chloe Clara_Clara Cristina_Christina
			Daniela_Daniela Delfina 
			Elena_Helen Elisa_Elizabeth Emilia_Emily Emma_Emma Eva_Eve 
			Francesca_Frances 
			Gabriela_Gabriela Gloria_Gloria
			Hannah_Hannah Hayley_Haley Heather_Heather Holly_Holly
			Irene_Irene Isabella_Elizabeth
			Jade_Jade Jane_Jane Jennifer_Jennifer Jessica_Jessica Josefina_Josephine Juana_Jane Julia_Julia Juliana_Juliana Julieta_Julia Justina_Justina
			Keanna Kelly_Kelly Kelsey_Kelsey Kimberly_Kimberly
			Laura_Laura Leah_Leah Leonor_Eleanor Luciana_Luciana 
			Madeleine_Madeline Margaret_Margaret María_Mary Mariana_Mariana Martina_Martina Megan_Margaret Melissa_Melissa Molly_Mary Monica_Monica
			Natalie_Natalie
			Olivia_Olivia
			Patricia_Patricia Paulina_Paula
			Raquel_Rachel Rebecca_Rebecca Regina_Regina
			Samantha_Samantha Sarah_Sarah Serena_Serena Sophia_Sophia Stephanie_Stephanie Summer Susanna_Susan
			Theresa_Theresa 
			Vera_Vera Veronica_Veronica Victoria_Victoria Violeta_Violet
			Zoey_Zoe
		}

        from_dynasty_prefix = "de "

        modifier = default_culture_modifier
        feminist = no

        pat_grf_name_chance = 45
		mat_grf_name_chance = 15
		father_name_chance = 30
		
		pat_grm_name_chance = 40
		mat_grm_name_chance = 10
		mother_name_chance = 40
    }
}