franco_canadian = {
	graphical_cultures = { westerngfx }
	
	quebecois = { #Regular Quebecois
		graphical_cultures = { frankishgfx westerngfx }

		color = { 15 93 166 }

		male_names = {
			Adam_Adam Adélard Adolphe_Adolf Adrien_Adrian Alain_Alan Albert_Albert Alexandre_Alexander Alfred_Alfred Alphonse_Alphons Amaury_Amalric Ambrose_Ambrose André_Andrew Andronic Aristide Athanase_Athanasius Augustin_Augustus Aurcle_Aurelius Azaire
			Baptiste_Baptist Barthélémy_Bartholomew Basile_Basil Baudouin_Baldwin Bernard_Bernard Blaise Bohémond Bonaventure 
			Calixte_Callistus Camille_Camille Camillien_Camille Cartier Cécil Célestin_Celestine Césaire_Caesar Charles_Charles Chomedey Christophe_Christopher Claude_Claudius Claude-Henri Cléophas Cyrille_Cyril 
			Damase Daniel_Daniel David_David Denis_Dionysus Dieudonné Dollard Dosithée Dowina-Évariste Dustin 
			Édouard_Edward Elphcge Émery_Amalric Éphrem_Ephraim Éric_Erik Esioff Étienne_Stephen Étienne-Paschal
			Fabien_Fabian Félix_Felix Ferréol Foulques_Fulk François_Francis Frédéric_Frederick
			Gabriel_Gabriel Gaétan Gaspard_Caspar Gaston Gautier_Walter Gédéon_Gideon Geoffroy_Jeff Georges_George George-Étienne Georges-Marie Ghislain Gilles_Gilles Guillaume_William Gustave_Gustav Guy
			Hector_Hector Henri_Henry Hilaire Hippolyte Honoré_Honorius Horace Hormisdas Hubert Hughes_Hugh Hyacinthe
			Isidore Ignace_Ignatius Israël_Israel
			Jacques_Jacob Jacques-Désiré Jean_John Jean-Baptiste Jean-Docile Jean-Jacques Jean-Louis Jean-Luc Jean-Marie Jean-Paul Jean-René Jeannot_John Jérome_Jerome Joseph_Joseph Joseph-Octave Josselin Josue_Joshua Julien_Julius Justin_Justin Juvenal
			Laurent_Lawrence Leo_Leo Léotale-Guichart-Humbert Lionel_Lionel Lotaire_Lothar Louis_Louis Louis-Alexandre Louis-Alphonse Louis-Edmond Louis-Étienne Louis-François Louis-Hippolyte Louis-Philippe Luc_Luke Lucien_Lucius Ludger  
			Marc_Mark Marc-Olivier Marcel_Marcel Mario_Marius Martial Mathieu_Matthew Maurice_Maurice Maximilien_Max Médéric Michel_Michael Michel-Sidrac Moncef Moustaphe_Mustafa 
			Napoléon_Napoleon Nérée
			Octave_Octavius Odon_Otto Olaüs_Olaf Olivier_Oliver Onésime_Onesimus Onfroy Ovide Ozias
			Pantaléon Pascal_Pascal Paul_Paul Paul-Antoine Paul-Émile Payson Philémon_Philemon Philippe_Phillip Philippe-August Pierre_Peter Pierre-Marie Praxcde
			Raymond_Raymond Réal Régis Renaud_Raynold René_Renatus Robert_Robert Rodolphe_Rudolf Roger_Roger Rohard Roland_Roland Roméo_Romeo Roupen_Robert
			Samuel_Samuel Sarto Serge_Sergius Séverin_Severinus Stanislas_Stanislav Stéphane_Stephen Sulpice 
			Tancrcde_Tancred Télesphore_Telesphorus Théogcne_Theogenes Théophile_Theophilus
			Uldéric Urbain_Urban 
			Valpy Vincent_Vincent
			Wenceslas_Wenceslaus Wilfrid_Wilfred
			Xavier_Xavier
			Yann_John
			Zachaire_Zachary Zénon Zéphyrin Zotique 
		}
		
		female_names = {
			Adcle_Adela Adéline_Adela Adrianne_Adriana Agrippine Alexandra_Alexandra Alexandrine_Alexandra Alix_Alice Anabelle Andréanne_Adriana Andrée_Andrea Anne_Anna Anne-Marie Antoinette_Antonia Apolline_Apollonia Arianne Aude Axelle
			Béatrice_Beatrix Bernadette Berth Brigitte_Bridget Blanche_Blanche
			Carole_Caroline Caroline_Caroline Catherine_Catherine Céline Charlotte_Charlotte Chantal Charmaine Chloé_Chloe Christianne_Christina Christine_Christina Claire_Clara Claudine_Claudia Concordie Constance 
			Danielle_Danielle Denise Diane_Diana Dominique_Dominique
			Élaine_Helen Éléonore_Eleanore Cve_Eve
			Fatima_Fatima Félicia Flore_Flora Florence Francine_Frances Françoise_Frances Frédérique    
			Gabrielle_Gabrielle Genevicve_Genevieve Gertrude Ginette_Genevieve Giscle
			Hélcne_Helen Henriette_Henriette 
			Ircne_Irene Isabelle_Elizabeth Isadora 
			Jacqueline_Jacqueline Jeanette_Jane Jeanne_Jane Jeannine_Jane Jocelyne Joelle Josée_Josephine Joséphine_Josephine Josianne_Josephine Juanita_Jane Judith_Judith Julie_Julia Justine
			Laura Laurence_Lauren Léa_Leah Léopoldine Lorraine Louise_Louise Lucienne_Lucia Lucine Lyse_Elizabeth
			Macha Manon Marcelle_Marcela Marcelline_Marcela Marie_Mary Marie-Claire Marie-Eve Marilcne Marguerite_Margaret Martine_Martine Maxine Maryse_Mary Mathilde_Matilda Maude Mélissa_Melissa Milaine Monique Mylcne
			Nancy Nathalie_Natalie Nicole_Nicole Noëlle Noémie
			Odette Olympe Orélie
			Pauline_Paula Pierrette_Petra 
			Rachelle_Rachel Rosalie
			Safia_Sophia Sarah_Sarah Sharon Sibylle Simone_Simone Sonia_Sophia Sofie_Sophia Stéphanie_Stephanie Suzanne_Susanna
			Théodora_Theodora Thércse_Theresa
			Valérie_Valeria Vanessa_Vanessa Véronique_Veronica Virginie_Virginia Vivian 
			Ursule
			Yasmeen_Jasmin Yolande Yvon
			Zoé_Zoe
		}

		from_dynasty_prefix = "de "

		modifier = default_culture_modifier
		feminist = yes

		pat_grf_name_chance = 70
		mat_grf_name_chance = 10
		father_name_chance = 5


		pat_grm_name_chance = 10
		mat_grm_name_chance = 70
		mother_name_chance = 5
	}	
	nordien = { #French Newfoundlanders and stuff
		graphical_cultures = { frankishgfx westerngfx }

		color = { 15 173 195 }

		male_names = {
			Adam_Adam Adélard Adolphe_Adolf Adrien_Adrian Alain_Alan Albert_Albert Alexandre_Alexander Alfred_Alfred Alphonse_Alphons Amaury_Amalric Ambrose_Ambrose André_Andrew Andronic Aristide Athanase_Athanasius Augustin_Augustus Aurcle_Aurelius Azaire
			Baptiste_Baptist Barthélémy_Bartholomew Basile_Basil Baudouin_Baldwin Bernard_Bernard Blaise Bohémond Bonaventure 
			Calixte_Callistus Camille_Camille Camillien_Camille Cartier Cécil Célestin_Celestine Césaire_Caesar Charles_Charles Chomedey Christophe_Christopher Claude_Claudius Claude-Henri Cléophas Cyrille_Cyril 
			Damase Daniel_Daniel David_David Denis_Dionysus Dieudonné Dollard Dosithée Dowina-Évariste Dustin 
			Édouard_Edward Elphcge Émery_Amalric Éphrem_Ephraim Éric_Erik Esioff Étienne_Stephen Étienne-Paschal
			Fabien_Fabian Félix_Felix Ferréol Foulques_Fulk François_Francis Frédéric_Frederick
			Gabriel_Gabriel Gaétan Gaspard_Caspar Gaston Gautier_Walter Gédéon_Gideon Geoffroy_Jeff Georges_George George-Étienne Georges-Marie Ghislain Gilles_Gilles Guillaume_William Gustave_Gustav Guy
			Hector_Hector Henri_Henry Hilaire Hippolyte Honoré_Honorius Horace Hormisdas Hubert Hughes_Hugh Hyacinthe
			Isidore Ignace_Ignatius Israël_Israel
			Jacques_Jacob Jacques-Désiré Jean_John Jean-Baptiste Jean-Docile Jean-Jacques Jean-Louis Jean-Luc Jean-Marie Jean-Paul Jean-René Jeannot_John Jérome_Jerome Joseph_Joseph Joseph-Octave Josselin Josue_Joshua Julien_Julius Justin_Justin Juvenal
			Laurent_Lawrence Leo_Leo Léotale-Guichart-Humbert Lionel_Lionel Lotaire_Lothar Louis_Louis Louis-Alexandre Louis-Alphonse Louis-Edmond Louis-Étienne Louis-François Louis-Hippolyte Louis-Philippe Luc_Luke Lucien_Lucius Ludger  
			Marc_Mark Marc-Olivier Marcel_Marcel Mario_Marius Martial Mathieu_Matthew Maurice_Maurice Maximilien_Max Médéric Michel_Michael Michel-Sidrac Moncef Moustaphe_Mustafa 
			Napoléon_Napoleon Nérée
			Octave_Octavius Odon_Otto Olaüs_Olaf Olivier_Oliver Onésime_Onesimus Onfroy Ovide Ozias
			Pantaléon Pascal_Pascal Paul_Paul Paul-Antoine Paul-Émile Payson Philémon_Philemon Philippe_Phillip Philippe-August Pierre_Peter Pierre-Marie Praxcde
			Raymond_Raymond Réal Régis Renaud_Raynold René_Renatus Robert_Robert Rodolphe_Rudolf Roger_Roger Rohard Roland_Roland Roméo_Romeo Roupen_Robert
			Samuel_Samuel Sarto Serge_Sergius Séverin_Severinus Stanislas_Stanislav Stéphane_Stephen Sulpice 
			Tancrcde_Tancred Télesphore_Telesphorus Théogcne_Theogenes Théophile_Theophilus
			Uldéric Urbain_Urban 
			Valpy Vincent_Vincent
			Wenceslas_Wenceslaus Wilfrid_Wilfred
			Xavier_Xavier
			Yann_John
			Zachaire_Zachary Zénon Zéphyrin Zotique 
		}
		
		female_names = {
			Adcle_Adela Adéline_Adela Adrianne_Adriana Agrippine Alexandra_Alexandra Alexandrine_Alexandra Alix_Alice Anabelle Andréanne_Adriana Andrée_Andrea Anne_Anna Anne-Marie Antoinette_Antonia Apolline_Apollonia Arianne Aude Axelle
			Béatrice_Beatrix Bernadette Berth Brigitte_Bridget Blanche_Blanche
			Carole_Caroline Caroline_Caroline Catherine_Catherine Céline Charlotte_Charlotte Chantal Charmaine Chloé_Chloe Christianne_Christina Christine_Christina Claire_Clara Claudine_Claudia Concordie Constance 
			Danielle_Danielle Denise Diane_Diana Dominique_Dominique
			Élaine_Helen Éléonore_Eleanore Cve_Eve
			Fatima_Fatima Félicia Flore_Flora Florence Francine_Frances Françoise_Frances Frédérique    
			Gabrielle_Gabrielle Genevicve_Genevieve Gertrude Ginette_Genevieve Giscle
			Hélcne_Helen Henriette_Henriette 
			Ircne_Irene Isabelle_Elizabeth Isadora 
			Jacqueline_Jacqueline Jeanette_Jane Jeanne_Jane Jeannine_Jane Jocelyne Joelle Josée_Josephine Joséphine_Josephine Josianne_Josephine Juanita_Jane Judith_Judith Julie_Julia Justine
			Laura Laurence_Lauren Léa_Leah Léopoldine Lorraine Louise_Louise Lucienne_Lucia Lucine Lyse_Elizabeth
			Macha Manon Marcelle_Marcela Marcelline_Marcela Marie_Mary Marie-Claire Marie-Eve Marilcne Marguerite_Margaret Martine_Martine Maxine Maryse_Mary Mathilde_Matilda Maude Mélissa_Melissa Milaine Monique Mylcne
			Nancy Nathalie_Natalie Nicole_Nicole Noëlle Noémie
			Odette Olympe Orélie
			Pauline_Paula Pierrette_Petra 
			Rachelle_Rachel Rosalie
			Safia_Sophia Sarah_Sarah Sharon Sibylle Simone_Simone Sonia_Sophia Sofie_Sophia Stéphanie_Stephanie Suzanne_Susanna
			Théodora_Theodora Thércse_Theresa
			Valérie_Valeria Vanessa_Vanessa Véronique_Veronica Virginie_Virginia Vivian 
			Ursule
			Yasmeen_Jasmin Yolande Yvon
			Zoé_Zoe
		}

		from_dynasty_prefix = "de "

		modifier = default_culture_modifier
		feminist = yes

		pat_grf_name_chance = 70
		mat_grf_name_chance = 10
		father_name_chance = 5


		pat_grm_name_chance = 10
		mat_grm_name_chance = 70
		mother_name_chance = 5
	}	
	montrealais = { #People of Montreal, more diverse than typical Quebecois
		graphical_cultures = { frankishgfx westerngfx }

		color = { 25 53 176 }

		male_names = {
			Adam_Adam Adélard Adolphe_Adolf Adrien_Adrian Alain_Alan Albert_Albert Alexandre_Alexander Alfred_Alfred Alphonse_Alphons Amaury_Amalric Ambrose_Ambrose André_Andrew Andronic Aristide Athanase_Athanasius Augustin_Augustus Aurcle_Aurelius Azaire
			Baptiste_Baptist Barthélémy_Bartholomew Basile_Basil Baudouin_Baldwin Bernard_Bernard Blaise Bohémond Bonaventure 
			Calixte_Callistus Camille_Camille Camillien_Camille Cartier Cécil Célestin_Celestine Césaire_Caesar Charles_Charles Chomedey Christophe_Christopher Claude_Claudius Claude-Henri Cléophas Cyrille_Cyril 
			Damase Daniel_Daniel David_David Denis_Dionysus Dieudonné Dollard Dosithée Dowina-Évariste Dustin 
			Édouard_Edward Elphcge Émery_Amalric Éphrem_Ephraim Éric_Erik Esioff Étienne_Stephen Étienne-Paschal
			Fabien_Fabian Félix_Felix Ferréol Foulques_Fulk François_Francis Frédéric_Frederick
			Gabriel_Gabriel Gaétan Gaspard_Caspar Gaston Gautier_Walter Gédéon_Gideon Geoffroy_Jeff Georges_George George-Étienne Georges-Marie Ghislain Gilles_Gilles Guillaume_William Gustave_Gustav Guy
			Hector_Hector Henri_Henry Hilaire Hippolyte Honoré_Honorius Horace Hormisdas Hubert Hughes_Hugh Hyacinthe
			Isidore Ignace_Ignatius Israël_Israel
			Jacques_Jacob Jacques-Désiré Jean_John Jean-Baptiste Jean-Docile Jean-Jacques Jean-Louis Jean-Luc Jean-Marie Jean-Paul Jean-René Jeannot_John Jérome_Jerome Joseph_Joseph Joseph-Octave Josselin Josue_Joshua Julien_Julius Justin_Justin Juvenal
			Laurent_Lawrence Leo_Leo Léotale-Guichart-Humbert Lionel_Lionel Lotaire_Lothar Louis_Louis Louis-Alexandre Louis-Alphonse Louis-Edmond Louis-Étienne Louis-François Louis-Hippolyte Louis-Philippe Luc_Luke Lucien_Lucius Ludger  
			Marc_Mark Marc-Olivier Marcel_Marcel Mario_Marius Martial Mathieu_Matthew Maurice_Maurice Maximilien_Max Médéric Michel_Michael Michel-Sidrac Moncef Mouhamed_Muhammad Moustaphe_Mustafa 
			Napoléon_Napoleon Nérée
			Octave_Octavius Odon_Otto Olaüs_Olaf Olivier_Oliver Onésime_Onesimus Onfroy Ovide Ozias
			Pantaléon Pascal_Pascal Paul_Paul Paul-Antoine Paul-Émile Payson Philémon_Philemon Philippe_Phillip Philippe-August Pierre_Peter Pierre-Marie Praxcde
			Raymond_Raymond Réal Régis Renaud_Raynold René_Renatus Robert_Robert Rodolphe_Rudolf Roger_Roger Rohard Roland_Roland Roméo_Romeo Roupen_Robert
			Samuel_Samuel Sarto Serge_Sergius Séverin_Severinus Stanislas_Stanislav Stéphane_Stephen Sulpice 
			Tancrcde_Tancred Télesphore_Telesphorus Théogcne_Theogenes Théophile_Theophilus
			Uldéric Urbain_Urban 
			Valpy Vincent_Vincent
			Wenceslas_Wenceslaus Wilfrid_Wilfred
			Xavier_Xavier
			Yann_John
			Zachaire_Zachary Zénon Zéphyrin Zotique 
		}
		
		female_names = {
			Adcle_Adela Adéline_Adela Adrianne_Adriana Agrippine Alexandra_Alexandra Alexandrine_Alexandra Alix_Alice Anabelle Andréanne_Adriana Andrée_Andrea Anne_Anna Anne-Marie Antoinette_Antonia Apolline_Apollonia Arianne Aude Axelle
			Béatrice_Beatrix Bernadette Berth Brigitte_Bridget Blanche_Blanche
			Carole_Caroline Caroline_Caroline Catherine_Catherine Céline Charlotte_Charlotte Chantal Charmaine Chloé_Chloe Christianne_Christina Christine_Christina Claire_Clara Claudine_Claudia Concordie Constance 
			Danielle_Danielle Denise Diane_Diana Dominique_Dominique
			Élaine_Helen Éléonore_Eleanore Cve_Eve
			Fatima_Fatima Félicia Flore_Flora Florence Francine_Frances Françoise_Frances Frédérique    
			Gabrielle_Gabrielle Genevicve_Genevieve Gertrude Ginette_Genevieve Giscle
			Hélcne_Helen Henriette_Henriette 
			Ircne_Irene Isabelle_Elizabeth Isadora 
			Jacqueline_Jacqueline Jeanette_Jane Jeanne_Jane Jeannine_Jane Jocelyne Joelle Josée_Josephine Joséphine_Josephine Josianne_Josephine Juanita_Jane Judith_Judith Julie_Julia Justine
			Laura Laurence_Lauren Léa_Leah Léopoldine Lorraine Louise_Louise Lucienne_Lucia Lucine Lyse_Elizabeth
			Macha Manon Marcelle_Marcela Marcelline_Marcela Marie_Mary Marie-Claire Marie-Eve Marilcne Marguerite_Margaret Martine_Martine Maxine Maryse_Mary Mathilde_Matilda Maude Mélissa_Melissa Milaine Monique Mylcne
			Nancy Nathalie_Natalie Nicole_Nicole Noëlle Noémie
			Odette Olympe Orélie
			Pauline_Paula Pierrette_Petra 
			Rachelle_Rachel Rosalie
			Safia_Sophia Sarah_Sarah Sharon Sibylle Simone_Simone Sonia_Sophia Sofie_Sophia Stéphanie_Stephanie Suzanne_Susanna
			Théodora_Theodora Thércse_Theresa
			Valérie_Valeria Vanessa_Vanessa Véronique_Veronica Virginie_Virginia Vivian 
			Ursule
			Yasmeen_Jasmin Yolande Yvon
			Zoé_Zoe
		}

		from_dynasty_prefix = "de "

		modifier = default_culture_modifier
		feminist = yes

		pat_grf_name_chance = 70
		mat_grf_name_chance = 10
		father_name_chance = 5


		pat_grm_name_chance = 10
		mat_grm_name_chance = 70
		mother_name_chance = 5
	}	
	ontarois = { #Franco-Ontarian
		graphical_cultures = { frankishgfx westerngfx }

		color = { 85 53 196 }

		male_names = {
			Adam_Adam Adélard Adolphe_Adolf Adrien_Adrian Alain_Alan Albert_Albert Alexandre_Alexander Alfred_Alfred Alphonse_Alphons Amaury_Amalric Ambrose_Ambrose André_Andrew Andronic Aristide Athanase_Athanasius Augustin_Augustus Aurcle_Aurelius Azaire
			Baptiste_Baptist Barthélémy_Bartholomew Basile_Basil Baudouin_Baldwin Bernard_Bernard Blaise Bohémond Bonaventure 
			Calixte_Callistus Camille_Camille Camillien_Camille Cartier Cécil Célestin_Celestine Césaire_Caesar Charles_Charles Chomedey Christophe_Christopher Claude_Claudius Claude-Henri Cléophas Cyrille_Cyril 
			Damase Daniel_Daniel David_David Denis_Dionysus Dieudonné Dollard Dosithée Dowina-Évariste Dustin 
			Édouard_Edward Elphcge Émery_Amalric Éphrem_Ephraim Éric_Erik Esioff Étienne_Stephen Étienne-Paschal
			Fabien_Fabian Félix_Felix Ferréol Foulques_Fulk François_Francis Frédéric_Frederick
			Gabriel_Gabriel Gaétan Gaspard_Caspar Gaston Gautier_Walter Gédéon_Gideon Geoffroy_Jeff Georges_George George-Étienne Georges-Marie Ghislain Gilles_Gilles Guillaume_William Gustave_Gustav Guy
			Hector_Hector Henri_Henry Hilaire Hippolyte Honoré_Honorius Horace Hormisdas Hubert Hughes_Hugh Hyacinthe
			Isidore Ignace_Ignatius Israël_Israel
			Jacques_Jacob Jacques-Désiré Jean_John Jean-Baptiste Jean-Docile Jean-Jacques Jean-Louis Jean-Luc Jean-Marie Jean-Paul Jean-René Jeannot_John Jérome_Jerome Joseph_Joseph Joseph-Octave Josselin Josue_Joshua Julien_Julius Justin_Justin Juvenal
			Laurent_Lawrence Leo_Leo Léotale-Guichart-Humbert Lionel_Lionel Lotaire_Lothar Louis_Louis Louis-Alexandre Louis-Alphonse Louis-Edmond Louis-Étienne Louis-François Louis-Hippolyte Louis-Philippe Luc_Luke Lucien_Lucius Ludger  
			Marc_Mark Marc-Olivier Marcel_Marcel Mario_Marius Martial Mathieu_Matthew Maurice_Maurice Maximilien_Max Médéric Michel_Michael Michel-Sidrac Moncef Moustaphe_Mustafa 
			Napoléon_Napoleon Nérée
			Octave_Octavius Odon_Otto Olaüs_Olaf Olivier_Oliver Onésime_Onesimus Onfroy Ovide Ozias
			Pantaléon Pascal_Pascal Paul_Paul Paul-Antoine Paul-Émile Payson Philémon_Philemon Philippe_Phillip Philippe-August Pierre_Peter Pierre-Marie Praxcde
			Raymond_Raymond Réal Régis Renaud_Raynold René_Renatus Robert_Robert Rodolphe_Rudolf Roger_Roger Rohard Roland_Roland Roméo_Romeo Roupen_Robert
			Samuel_Samuel Sarto Serge_Sergius Séverin_Severinus Stanislas_Stanislav Stéphane_Stephen Sulpice 
			Tancrcde_Tancred Télesphore_Telesphorus Théogcne_Theogenes Théophile_Theophilus
			Uldéric Urbain_Urban 
			Valpy Vincent_Vincent
			Wenceslas_Wenceslaus Wilfrid_Wilfred
			Xavier_Xavier
			Yann_John
			Zachaire_Zachary Zénon Zéphyrin Zotique 
		}
		
		female_names = {
			Adcle_Adela Adéline_Adela Adrianne_Adriana Agrippine Alexandra_Alexandra Alexandrine_Alexandra Alix_Alice Anabelle Andréanne_Adriana Andrée_Andrea Anne_Anna Anne-Marie Antoinette_Antonia Apolline_Apollonia Arianne Aude Axelle
			Béatrice_Beatrix Bernadette Berth Brigitte_Bridget Blanche_Blanche
			Carole_Caroline Caroline_Caroline Catherine_Catherine Céline Charlotte_Charlotte Chantal Charmaine Chloé_Chloe Christianne_Christina Christine_Christina Claire_Clara Claudine_Claudia Concordie Constance 
			Danielle_Danielle Denise Diane_Diana Dominique_Dominique
			Élaine_Helen Éléonore_Eleanore Cve_Eve
			Fatima_Fatima Félicia Flore_Flora Florence Francine_Frances Françoise_Frances Frédérique    
			Gabrielle_Gabrielle Genevicve_Genevieve Gertrude Ginette_Genevieve Giscle
			Hélcne_Helen Henriette_Henriette 
			Ircne_Irene Isabelle_Elizabeth Isadora 
			Jacqueline_Jacqueline Jeanette_Jane Jeanne_Jane Jeannine_Jane Jocelyne Joelle Josée_Josephine Joséphine_Josephine Josianne_Josephine Juanita_Jane Judith_Judith Julie_Julia Justine
			Laura Laurence_Lauren Léa_Leah Léopoldine Lorraine Louise_Louise Lucienne_Lucia Lucine Lyse_Elizabeth
			Macha Manon Marcelle_Marcela Marcelline_Marcela Marie_Mary Marie-Claire Marie-Eve Marilcne Marguerite_Margaret Martine_Martine Maxine Maryse_Mary Mathilde_Matilda Maude Mélissa_Melissa Milaine Monique Mylcne
			Nancy Nathalie_Natalie Nicole_Nicole Noëlle Noémie
			Odette Olympe Orélie
			Pauline_Paula Pierrette_Petra 
			Rachelle_Rachel Rosalie
			Safia_Sophia Sarah_Sarah Sharon Sibylle Simone_Simone Sonia_Sophia Sofie_Sophia Stéphanie_Stephanie Suzanne_Susanna
			Théodora_Theodora Thércse_Theresa
			Valérie_Valeria Vanessa_Vanessa Véronique_Veronica Virginie_Virginia Vivian 
			Ursule
			Yasmeen_Jasmin Yolande Yvon
			Zoé_Zoe
		}

		from_dynasty_prefix = "de "

		modifier = default_culture_modifier
		feminist = yes

		pat_grf_name_chance = 70
		mat_grf_name_chance = 10
		father_name_chance = 5


		pat_grm_name_chance = 10
		mat_grm_name_chance = 70
		mother_name_chance = 5
	}	
	caillouvian = {
		graphical_cultures = { frankishgfx westerngfx }

		color = { 15 143 196 }

		male_names = {
			Adam_Adam Adélard Adolphe_Adolf Adrien_Adrian Alain_Alan Albert_Albert Alexandre_Alexander Alfred_Alfred Alphonse_Alphons Amaury_Amalric Ambrose_Ambrose André_Andrew Andronic Aristide Athanase_Athanasius Augustin_Augustus Aurcle_Aurelius Azaire
			Baptiste_Baptist Barthélémy_Bartholomew Basile_Basil Baudouin_Baldwin Bernard_Bernard Blaise Bohémond Bonaventure 
			Calixte_Callistus Camille_Camille Camillien_Camille Cartier Cécil Célestin_Celestine Césaire_Caesar Charles_Charles Chomedey Christophe_Christopher Claude_Claudius Claude-Henri Cléophas Cyrille_Cyril 
			Damase Daniel_Daniel David_David Denis_Dionysus Dieudonné Dollard Dosithée Dowina-Évariste Dustin 
			Édouard_Edward Elphcge Émery_Amalric Éphrem_Ephraim Éric_Erik Esioff Étienne_Stephen Étienne-Paschal
			Fabien_Fabian Félix_Felix Ferréol Foulques_Fulk François_Francis Frédéric_Frederick
			Gabriel_Gabriel Gaétan Gaspard_Caspar Gaston Gautier_Walter Gédéon_Gideon Geoffroy_Jeff Georges_George George-Étienne Georges-Marie Ghislain Gilles_Gilles Guillaume_William Gustave_Gustav Guy
			Hector_Hector Henri_Henry Hilaire Hippolyte Honoré_Honorius Horace Hormisdas Hubert Hughes_Hugh Hyacinthe
			Isidore Ignace_Ignatius Israël_Israel
			Jacques_Jacob Jacques-Désiré Jean_John Jean-Baptiste Jean-Docile Jean-Jacques Jean-Louis Jean-Luc Jean-Marie Jean-Paul Jean-René Jeannot_John Jérome_Jerome Joseph_Joseph Joseph-Octave Josselin Josue_Joshua Julien_Julius Justin_Justin Juvenal
			Laurent_Lawrence Leo_Leo Léotale-Guichart-Humbert Lionel_Lionel Lotaire_Lothar Louis_Louis Louis-Alexandre Louis-Alphonse Louis-Edmond Louis-Étienne Louis-François Louis-Hippolyte Louis-Philippe Luc_Luke Lucien_Lucius Ludger  
			Marc_Mark Marc-Olivier Marcel_Marcel Mario_Marius Martial Mathieu_Matthew Maurice_Maurice Maximilien_Max Médéric Michel_Michael Michel-Sidrac Moncef Moustaphe_Mustafa 
			Napoléon_Napoleon Nérée
			Octave_Octavius Odon_Otto Olaüs_Olaf Olivier_Oliver Onésime_Onesimus Onfroy Ovide Ozias
			Pantaléon Pascal_Pascal Paul_Paul Paul-Antoine Paul-Émile Payson Philémon_Philemon Philippe_Phillip Philippe-August Pierre_Peter Pierre-Marie Praxcde
			Raymond_Raymond Réal Régis Renaud_Raynold René_Renatus Robert_Robert Rodolphe_Rudolf Roger_Roger Rohard Roland_Roland Roméo_Romeo Roupen_Robert
			Samuel_Samuel Sarto Serge_Sergius Séverin_Severinus Stanislas_Stanislav Stéphane_Stephen Sulpice 
			Tancrcde_Tancred Télesphore_Telesphorus Théogcne_Theogenes Théophile_Theophilus
			Uldéric Urbain_Urban 
			Valpy Vincent_Vincent
			Wenceslas_Wenceslaus Wilfrid_Wilfred
			Xavier_Xavier
			Yann_John
			Zachaire_Zachary Zénon Zéphyrin Zotique 
		}
		
		female_names = {
			Adcle_Adela Adéline_Adela Adrianne_Adriana Agrippine Alexandra_Alexandra Alexandrine_Alexandra Alix_Alice Anabelle Andréanne_Adriana Andrée_Andrea Anne_Anna Anne-Marie Antoinette_Antonia Apolline_Apollonia Arianne Aude Axelle
			Béatrice_Beatrix Bernadette Berth Brigitte_Bridget Blanche_Blanche
			Carole_Caroline Caroline_Caroline Catherine_Catherine Céline Charlotte_Charlotte Chantal Charmaine Chloé_Chloe Christianne_Christina Christine_Christina Claire_Clara Claudine_Claudia Concordie Constance 
			Danielle_Danielle Denise Diane_Diana Dominique_Dominique
			Élaine_Helen Éléonore_Eleanore Cve_Eve
			Fatima_Fatima Félicia Flore_Flora Florence Francine_Frances Françoise_Frances Frédérique    
			Gabrielle_Gabrielle Genevicve_Genevieve Gertrude Ginette_Genevieve Giscle
			Hélcne_Helen Henriette_Henriette 
			Ircne_Irene Isabelle_Elizabeth Isadora 
			Jacqueline_Jacqueline Jeanette_Jane Jeanne_Jane Jeannine_Jane Jocelyne Joelle Josée_Josephine Joséphine_Josephine Josianne_Josephine Juanita_Jane Judith_Judith Julie_Julia Justine
			Laura Laurence_Lauren Léa_Leah Léopoldine Lorraine Louise_Louise Lucienne_Lucia Lucine Lyse_Elizabeth
			Macha Manon Marcelle_Marcela Marcelline_Marcela Marie_Mary Marie-Claire Marie-Eve Marilcne Marguerite_Margaret Martine_Martine Maxine Maryse_Mary Mathilde_Matilda Maude Mélissa_Melissa Milaine Monique Mylcne
			Nancy Nathalie_Natalie Nicole_Nicole Noëlle Noémie
			Odette Olympe Orélie
			Pauline_Paula Pierrette_Petra 
			Rachelle_Rachel Rosalie
			Safia_Sophia Sarah_Sarah Sharon Sibylle Simone_Simone Sonia_Sophia Sofie_Sophia Stéphanie_Stephanie Suzanne_Susanna
			Théodora_Theodora Thércse_Theresa
			Valérie_Valeria Vanessa_Vanessa Véronique_Veronica Virginie_Virginia Vivian 
			Ursule
			Yasmeen_Jasmin Yolande Yvon
			Zoé_Zoe
		}

		from_dynasty_prefix = "of "

		modifier = default_culture_modifier
		feminist = yes

		pat_grf_name_chance = 70
		mat_grf_name_chance = 10
		father_name_chance = 5


		pat_grm_name_chance = 10
		mat_grm_name_chance = 70
		mother_name_chance = 5
	}
	
	aroostois = { #Franco Mainer
		graphical_cultures = { frankishgfx westerngfx }

		color = { 15 123 166 }

		male_names = {
			Adam_Adam Adélard Adolphe_Adolf Adrien_Adrian Alain_Alan Albert_Albert Alexandre_Alexander Alfred_Alfred Alphonse_Alphons Amaury_Amalric Ambrose_Ambrose André_Andrew Andronic Aristide Athanase_Athanasius Augustin_Augustus Aurcle_Aurelius Azaire
			Baptiste_Baptist Barthélémy_Bartholomew Basile_Basil Baudouin_Baldwin Bernard_Bernard Blaise Bohémond Bonaventure 
			Calixte_Callistus Camille_Camille Camillien_Camille Cartier Cécil Célestin_Celestine Césaire_Caesar Charles_Charles Chomedey Christophe_Christopher Claude_Claudius Claude-Henri Cléophas Cyrille_Cyril 
			Damase Daniel_Daniel David_David Denis_Dionysus Dieudonné Dollard Dosithée Dowina-Évariste Dustin 
			Édouard_Edward Elphcge Émery_Amalric Éphrem_Ephraim Éric_Erik Esioff Étienne_Stephen Étienne-Paschal
			Fabien_Fabian Félix_Felix Ferréol Foulques_Fulk François_Francis Frédéric_Frederick
			Gabriel_Gabriel Gaétan Gaspard_Caspar Gaston Gautier_Walter Gédéon_Gideon Geoffroy_Jeff Georges_George George-Étienne Georges-Marie Ghislain Gilles_Gilles Guillaume_William Gustave_Gustav Guy
			Hector_Hector Henri_Henry Hilaire Hippolyte Honoré_Honorius Horace Hormisdas Hubert Hughes_Hugh Hyacinthe
			Isidore Ignace_Ignatius Israël_Israel
			Jacques_Jacob Jacques-Désiré Jean_John Jean-Baptiste Jean-Docile Jean-Jacques Jean-Louis Jean-Luc Jean-Marie Jean-Paul Jean-René Jeannot_John Jérome_Jerome Joseph_Joseph Joseph-Octave Josselin Josue_Joshua Julien_Julius Justin_Justin Juvenal
			Laurent_Lawrence Leo_Leo Léotale-Guichart-Humbert Lionel_Lionel Lotaire_Lothar Louis_Louis Louis-Alexandre Louis-Alphonse Louis-Edmond Louis-Étienne Louis-François Louis-Hippolyte Louis-Philippe Luc_Luke Lucien_Lucius Ludger  
			Marc_Mark Marc-Olivier Marcel_Marcel Mario_Marius Martial Mathieu_Matthew Maurice_Maurice Maximilien_Max Médéric Michel_Michael Michel-Sidrac Moncef Moustaphe_Mustafa 
			Napoléon_Napoleon Nérée
			Octave_Octavius Odon_Otto Olaüs_Olaf Olivier_Oliver Onésime_Onesimus Onfroy Ovide Ozias
			Pantaléon Pascal_Pascal Paul_Paul Paul-Antoine Paul-Émile Payson Philémon_Philemon Philippe_Phillip Philippe-August Pierre_Peter Pierre-Marie Praxcde
			Raymond_Raymond Réal Régis Renaud_Raynold René_Renatus Robert_Robert Rodolphe_Rudolf Roger_Roger Rohard Roland_Roland Roméo_Romeo Roupen_Robert
			Samuel_Samuel Sarto Serge_Sergius Séverin_Severinus Stanislas_Stanislav Stéphane_Stephen Sulpice 
			Tancrcde_Tancred Télesphore_Telesphorus Théogcne_Theogenes Théophile_Theophilus
			Uldéric Urbain_Urban 
			Valpy Vincent_Vincent
			Wenceslas_Wenceslaus Wilfrid_Wilfred
			Xavier_Xavier
			Yann_John
			Zachaire_Zachary Zénon Zéphyrin Zotique 
		}
		
		female_names = {
			Adcle_Adela Adéline_Adela Adrianne_Adriana Agrippine Alexandra_Alexandra Alexandrine_Alexandra Alix_Alice Anabelle Andréanne_Adriana Andrée_Andrea Anne_Anna Anne-Marie Antoinette_Antonia Apolline_Apollonia Arianne Aude Axelle
			Béatrice_Beatrix Bernadette Berth Brigitte_Bridget Blanche_Blanche
			Carole_Caroline Caroline_Caroline Catherine_Catherine Céline Charlotte_Charlotte Chantal Charmaine Chloé_Chloe Christianne_Christina Christine_Christina Claire_Clara Claudine_Claudia Concordie Constance 
			Danielle_Danielle Denise Diane_Diana Dominique_Dominique
			Élaine_Helen Éléonore_Eleanore Cve_Eve
			Fatima_Fatima Félicia Flore_Flora Florence Francine_Frances Françoise_Frances Frédérique    
			Gabrielle_Gabrielle Genevicve_Genevieve Gertrude Ginette_Genevieve Giscle
			Hélcne_Helen Henriette_Henriette 
			Ircne_Irene Isabelle_Elizabeth Isadora 
			Jacqueline_Jacqueline Jeanette_Jane Jeanne_Jane Jeannine_Jane Jocelyne Joelle Josée_Josephine Joséphine_Josephine Josianne_Josephine Juanita_Jane Judith_Judith Julie_Julia Justine
			Laura Laurence_Lauren Léa_Leah Léopoldine Lorraine Louise_Louise Lucienne_Lucia Lucine Lyse_Elizabeth
			Macha Manon Marcelle_Marcela Marcelline_Marcela Marie_Mary Marie-Claire Marie-Eve Marilcne Marguerite_Margaret Martine_Martine Maxine Maryse_Mary Mathilde_Matilda Maude Mélissa_Melissa Milaine Monique Mylcne
			Nancy Nathalie_Natalie Nicole_Nicole Noëlle Noémie
			Odette Olympe Orélie
			Pauline_Paula Pierrette_Petra 
			Rachelle_Rachel Rosalie
			Safia_Sophia Sarah_Sarah Sharon Sibylle Simone_Simone Sonia_Sophia Sofie_Sophia Stéphanie_Stephanie Suzanne_Susanna
			Théodora_Theodora Thércse_Theresa
			Valérie_Valeria Vanessa_Vanessa Véronique_Veronica Virginie_Virginia Vivian 
			Ursule
			Yasmeen_Jasmin Yolande Yvon
			Zoé_Zoe
		}

		from_dynasty_prefix = "de "

		modifier = default_culture_modifier
		feminist = yes

		pat_grf_name_chance = 70
		mat_grf_name_chance = 10
		father_name_chance = 5


		pat_grm_name_chance = 10
		mat_grm_name_chance = 70
		mother_name_chance = 5
	}	
	acadian = {
		graphical_cultures = { frankishgfx westerngfx }

		color = { 35 103 186 }

		male_names = {
			Adam_Adam Adélard Adolphe_Adolf Adrien_Adrian Alain_Alan Albert_Albert Alexandre_Alexander Alfred_Alfred Alphonse_Alphons Amaury_Amalric Ambrose_Ambrose André_Andrew Andronic Aristide Athanase_Athanasius Augustin_Augustus Aurcle_Aurelius Azaire
			Baptiste_Baptist Barthélémy_Bartholomew Basile_Basil Baudouin_Baldwin Bernard_Bernard Blaise Bohémond Bonaventure 
			Calixte_Callistus Camille_Camille Camillien_Camille Cartier Cécil Célestin_Celestine Césaire_Caesar Charles_Charles Chomedey Christophe_Christopher Claude_Claudius Claude-Henri Cléophas Cyrille_Cyril 
			Damase Daniel_Daniel David_David Denis_Dionysus Dieudonné Dollard Dosithée Dowina-Évariste Dustin 
			Édouard_Edward Elphcge Émery_Amalric Éphrem_Ephraim Éric_Erik Esioff Étienne_Stephen Étienne-Paschal
			Fabien_Fabian Félix_Felix Ferréol Foulques_Fulk François_Francis Frédéric_Frederick
			Gabriel_Gabriel Gaétan Gaspard_Caspar Gaston Gautier_Walter Gédéon_Gideon Geoffroy_Jeff Georges_George George-Étienne Georges-Marie Ghislain Gilles_Gilles Guillaume_William Gustave_Gustav Guy
			Hector_Hector Henri_Henry Hilaire Hippolyte Honoré_Honorius Horace Hormisdas Hubert Hughes_Hugh Hyacinthe
			Isidore Ignace_Ignatius Israël_Israel
			Jacques_Jacob Jacques-Désiré Jean_John Jean-Baptiste Jean-Docile Jean-Jacques Jean-Louis Jean-Luc Jean-Marie Jean-Paul Jean-René Jeannot_John Jérome_Jerome Joseph_Joseph Joseph-Octave Josselin Josue_Joshua Julien_Julius Justin_Justin Juvenal
			Laurent_Lawrence Leo_Leo Léotale-Guichart-Humbert Lionel_Lionel Lotaire_Lothar Louis_Louis Louis-Alexandre Louis-Alphonse Louis-Edmond Louis-Étienne Louis-François Louis-Hippolyte Louis-Philippe Luc_Luke Lucien_Lucius Ludger  
			Marc_Mark Marc-Olivier Marcel_Marcel Mario_Marius Martial Mathieu_Matthew Maurice_Maurice Maximilien_Max Médéric Michel_Michael Michel-Sidrac Moncef Moustaphe_Mustafa 
			Napoléon_Napoleon Nérée
			Octave_Octavius Odon_Otto Olaüs_Olaf Olivier_Oliver Onésime_Onesimus Onfroy Ovide Ozias
			Pantaléon Pascal_Pascal Paul_Paul Paul-Antoine Paul-Émile Payson Philémon_Philemon Philippe_Phillip Philippe-August Pierre_Peter Pierre-Marie Praxcde
			Raymond_Raymond Réal Régis Renaud_Raynold René_Renatus Robert_Robert Rodolphe_Rudolf Roger_Roger Rohard Roland_Roland Roméo_Romeo Roupen_Robert
			Samuel_Samuel Sarto Serge_Sergius Séverin_Severinus Stanislas_Stanislav Stéphane_Stephen Sulpice 
			Tancrcde_Tancred Télesphore_Telesphorus Théogcne_Theogenes Théophile_Theophilus
			Uldéric Urbain_Urban 
			Valpy Vincent_Vincent
			Wenceslas_Wenceslaus Wilfrid_Wilfred
			Xavier_Xavier
			Yann_John
			Zachaire_Zachary Zénon Zéphyrin Zotique 
		}
		
		female_names = {
			Adcle_Adela Adéline_Adela Adrianne_Adriana Agrippine Alexandra_Alexandra Alexandrine_Alexandra Alix_Alice Anabelle Andréanne_Adriana Andrée_Andrea Anne_Anna Anne-Marie Antoinette_Antonia Apolline_Apollonia Arianne Aude Axelle
			Béatrice_Beatrix Bernadette Berth Brigitte_Bridget Blanche_Blanche
			Carole_Caroline Caroline_Caroline Catherine_Catherine Céline Charlotte_Charlotte Chantal Charmaine Chloé_Chloe Christianne_Christina Christine_Christina Claire_Clara Claudine_Claudia Concordie Constance 
			Danielle_Danielle Denise Diane_Diana Dominique_Dominique
			Élaine_Helen Éléonore_Eleanore Cve_Eve
			Fatima_Fatima Félicia Flore_Flora Florence Francine_Frances Françoise_Frances Frédérique    
			Gabrielle_Gabrielle Genevicve_Genevieve Gertrude Ginette_Genevieve Giscle
			Hélcne_Helen Henriette_Henriette 
			Ircne_Irene Isabelle_Elizabeth Isadora 
			Jacqueline_Jacqueline Jeanette_Jane Jeanne_Jane Jeannine_Jane Jocelyne Joelle Josée_Josephine Joséphine_Josephine Josianne_Josephine Juanita_Jane Judith_Judith Julie_Julia Justine
			Laura Laurence_Lauren Léa_Leah Léopoldine Lorraine Louise_Louise Lucienne_Lucia Lucine Lyse_Elizabeth
			Macha Manon Marcelle_Marcela Marcelline_Marcela Marie_Mary Marie-Claire Marie-Eve Marilcne Marguerite_Margaret Martine_Martine Maxine Maryse_Mary Mathilde_Matilda Maude Mélissa_Melissa Milaine Monique Mylcne
			Nancy Nathalie_Natalie Nicole_Nicole Noëlle Noémie
			Odette Olympe Orélie
			Pauline_Paula Pierrette_Petra 
			Rachelle_Rachel Rosalie
			Safia_Sophia Sarah_Sarah Sharon Sibylle Simone_Simone Sonia_Sophia Sofie_Sophia Stéphanie_Stephanie Suzanne_Susanna
			Théodora_Theodora Thércse_Theresa
			Valérie_Valeria Vanessa_Vanessa Véronique_Veronica Virginie_Virginia Vivian 
			Ursule
			Yasmeen_Jasmin Yolande Yvon
			Zoé_Zoe
		}

		from_dynasty_prefix = "de "

		modifier = default_culture_modifier
		feminist = yes

		pat_grf_name_chance = 70
		mat_grf_name_chance = 10
		father_name_chance = 5


		pat_grm_name_chance = 10
		mat_grm_name_chance = 70
		mother_name_chance = 5
	}	
	rivierois = {
		graphical_cultures = { frankishgfx westerngfx }

		color = { 15 173 170 }

		male_names = {
			Adam_Adam Adélard Adolphe_Adolf Adrien_Adrian Alain_Alan Albert_Albert Alexandre_Alexander Alfred_Alfred Alphonse_Alphons Amaury_Amalric Ambrose_Ambrose André_Andrew Andronic Aristide Athanase_Athanasius Augustin_Augustus Aurcle_Aurelius Azaire
			Baptiste_Baptist Barthélémy_Bartholomew Basile_Basil Baudouin_Baldwin Bernard_Bernard Blaise Bohémond Bonaventure 
			Calixte_Callistus Camille_Camille Camillien_Camille Cartier Cécil Célestin_Celestine Césaire_Caesar Charles_Charles Chomedey Christophe_Christopher Claude_Claudius Claude-Henri Cléophas Cyrille_Cyril 
			Damase Daniel_Daniel David_David Denis_Dionysus Dieudonné Dollard Dosithée Dowina-Évariste Dustin 
			Édouard_Edward Elphcge Émery_Amalric Éphrem_Ephraim Éric_Erik Esioff Étienne_Stephen Étienne-Paschal
			Fabien_Fabian Félix_Felix Ferréol Foulques_Fulk François_Francis Frédéric_Frederick
			Gabriel_Gabriel Gaétan Gaspard_Caspar Gaston Gautier_Walter Gédéon_Gideon Geoffroy_Jeff Georges_George George-Étienne Georges-Marie Ghislain Gilles_Gilles Guillaume_William Gustave_Gustav Guy
			Hector_Hector Henri_Henry Hilaire Hippolyte Honoré_Honorius Horace Hormisdas Hubert Hughes_Hugh Hyacinthe
			Isidore Ignace_Ignatius Israël_Israel
			Jacques_Jacob Jacques-Désiré Jean_John Jean-Baptiste Jean-Docile Jean-Jacques Jean-Louis Jean-Luc Jean-Marie Jean-Paul Jean-René Jeannot_John Jérome_Jerome Joseph_Joseph Joseph-Octave Josselin Josue_Joshua Julien_Julius Justin_Justin Juvenal
			Laurent_Lawrence Leo_Leo Léotale-Guichart-Humbert Lionel_Lionel Lotaire_Lothar Louis_Louis Louis-Alexandre Louis-Alphonse Louis-Edmond Louis-Étienne Louis-François Louis-Hippolyte Louis-Philippe Luc_Luke Lucien_Lucius Ludger  
			Marc_Mark Marc-Olivier Marcel_Marcel Mario_Marius Martial Mathieu_Matthew Maurice_Maurice Maximilien_Max Médéric Michel_Michael Michel-Sidrac Moncef Moustaphe_Mustafa 
			Napoléon_Napoleon Nérée
			Octave_Octavius Odon_Otto Olaüs_Olaf Olivier_Oliver Onésime_Onesimus Onfroy Ovide Ozias
			Pantaléon Pascal_Pascal Paul_Paul Paul-Antoine Paul-Émile Payson Philémon_Philemon Philippe_Phillip Philippe-August Pierre_Peter Pierre-Marie Praxcde
			Raymond_Raymond Réal Régis Renaud_Raynold René_Renatus Robert_Robert Rodolphe_Rudolf Roger_Roger Rohard Roland_Roland Roméo_Romeo Roupen_Robert
			Samuel_Samuel Sarto Serge_Sergius Séverin_Severinus Stanislas_Stanislav Stéphane_Stephen Sulpice 
			Tancrcde_Tancred Télesphore_Telesphorus Théogcne_Theogenes Théophile_Theophilus
			Uldéric Urbain_Urban 
			Valpy Vincent_Vincent
			Wenceslas_Wenceslaus Wilfrid_Wilfred
			Xavier_Xavier
			Yann_John
			Zachaire_Zachary Zénon Zéphyrin Zotique 
		}
		
		female_names = {
			Adcle_Adela Adéline_Adela Adrianne_Adriana Agrippine Alexandra_Alexandra Alexandrine_Alexandra Alix_Alice Anabelle Andréanne_Adriana Andrée_Andrea Anne_Anna Anne-Marie Antoinette_Antonia Apolline_Apollonia Arianne Aude Axelle
			Béatrice_Beatrix Bernadette Berth Brigitte_Bridget Blanche_Blanche
			Carole_Caroline Caroline_Caroline Catherine_Catherine Céline Charlotte_Charlotte Chantal Charmaine Chloé_Chloe Christianne_Christina Christine_Christina Claire_Clara Claudine_Claudia Concordie Constance 
			Danielle_Danielle Denise Diane_Diana Dominique_Dominique
			Élaine_Helen Éléonore_Eleanore Cve_Eve
			Fatima_Fatima Félicia Flore_Flora Florence Francine_Frances Françoise_Frances Frédérique    
			Gabrielle_Gabrielle Genevicve_Genevieve Gertrude Ginette_Genevieve Giscle
			Hélcne_Helen Henriette_Henriette 
			Ircne_Irene Isabelle_Elizabeth Isadora 
			Jacqueline_Jacqueline Jeanette_Jane Jeanne_Jane Jeannine_Jane Jocelyne Joelle Josée_Josephine Joséphine_Josephine Josianne_Josephine Juanita_Jane Judith_Judith Julie_Julia Justine
			Laura Laurence_Lauren Léa_Leah Léopoldine Lorraine Louise_Louise Lucienne_Lucia Lucine Lyse_Elizabeth
			Macha Manon Marcelle_Marcela Marcelline_Marcela Marie_Mary Marie-Claire Marie-Eve Marilcne Marguerite_Margaret Martine_Martine Maxine Maryse_Mary Mathilde_Matilda Maude Mélissa_Melissa Milaine Monique Mylcne
			Nancy Nathalie_Natalie Nicole_Nicole Noëlle Noémie
			Odette Olympe Orélie
			Pauline_Paula Pierrette_Petra 
			Rachelle_Rachel Rosalie
			Safia_Sophia Sarah_Sarah Sharon Sibylle Simone_Simone Sonia_Sophia Sofie_Sophia Stéphanie_Stephanie Suzanne_Susanna
			Théodora_Theodora Thércse_Theresa
			Valérie_Valeria Vanessa_Vanessa Véronique_Veronica Virginie_Virginia Vivian 
			Ursule
			Yasmeen_Jasmin Yolande Yvon
			Zoé_Zoe
		}

		from_dynasty_prefix = "of "

		modifier = default_culture_modifier
		feminist = yes

		pat_grf_name_chance = 70
		mat_grf_name_chance = 10
		father_name_chance = 5


		pat_grm_name_chance = 10
		mat_grm_name_chance = 70
		mother_name_chance = 5
	}	
	brayonne = {
		graphical_cultures = { frankishgfx westerngfx }

		color = { 15 153 150 }

		male_names = {
			Adam_Adam Adélard Adolphe_Adolf Adrien_Adrian Alain_Alan Albert_Albert Alexandre_Alexander Alfred_Alfred Alphonse_Alphons Amaury_Amalric Ambrose_Ambrose André_Andrew Andronic Aristide Athanase_Athanasius Augustin_Augustus Aurcle_Aurelius Azaire
			Baptiste_Baptist Barthélémy_Bartholomew Basile_Basil Baudouin_Baldwin Bernard_Bernard Blaise Bohémond Bonaventure 
			Calixte_Callistus Camille_Camille Camillien_Camille Cartier Cécil Célestin_Celestine Césaire_Caesar Charles_Charles Chomedey Christophe_Christopher Claude_Claudius Claude-Henri Cléophas Cyrille_Cyril 
			Damase Daniel_Daniel David_David Denis_Dionysus Dieudonné Dollard Dosithée Dowina-Évariste Dustin 
			Édouard_Edward Elphcge Émery_Amalric Éphrem_Ephraim Éric_Erik Esioff Étienne_Stephen Étienne-Paschal
			Fabien_Fabian Félix_Felix Ferréol Foulques_Fulk François_Francis Frédéric_Frederick
			Gabriel_Gabriel Gaétan Gaspard_Caspar Gaston Gautier_Walter Gédéon_Gideon Geoffroy_Jeff Georges_George George-Étienne Georges-Marie Ghislain Gilles_Gilles Guillaume_William Gustave_Gustav Guy
			Hector_Hector Henri_Henry Hilaire Hippolyte Honoré_Honorius Horace Hormisdas Hubert Hughes_Hugh Hyacinthe
			Isidore Ignace_Ignatius Israël_Israel
			Jacques_Jacob Jacques-Désiré Jean_John Jean-Baptiste Jean-Docile Jean-Jacques Jean-Louis Jean-Luc Jean-Marie Jean-Paul Jean-René Jeannot_John Jérome_Jerome Joseph_Joseph Joseph-Octave Josselin Josue_Joshua Julien_Julius Justin_Justin Juvenal
			Laurent_Lawrence Leo_Leo Léotale-Guichart-Humbert Lionel_Lionel Lotaire_Lothar Louis_Louis Louis-Alexandre Louis-Alphonse Louis-Edmond Louis-Étienne Louis-François Louis-Hippolyte Louis-Philippe Luc_Luke Lucien_Lucius Ludger  
			Marc_Mark Marc-Olivier Marcel_Marcel Mario_Marius Martial Mathieu_Matthew Maurice_Maurice Maximilien_Max Médéric Michel_Michael Michel-Sidrac Moncef Moustaphe_Mustafa 
			Napoléon_Napoleon Nérée
			Octave_Octavius Odon_Otto Olaüs_Olaf Olivier_Oliver Onésime_Onesimus Onfroy Ovide Ozias
			Pantaléon Pascal_Pascal Paul_Paul Paul-Antoine Paul-Émile Payson Philémon_Philemon Philippe_Phillip Philippe-August Pierre_Peter Pierre-Marie Praxcde
			Raymond_Raymond Réal Régis Renaud_Raynold René_Renatus Robert_Robert Rodolphe_Rudolf Roger_Roger Rohard Roland_Roland Roméo_Romeo Roupen_Robert
			Samuel_Samuel Sarto Serge_Sergius Séverin_Severinus Stanislas_Stanislav Stéphane_Stephen Sulpice 
			Tancrcde_Tancred Télesphore_Telesphorus Théogcne_Theogenes Théophile_Theophilus
			Uldéric Urbain_Urban 
			Valpy Vincent_Vincent
			Wenceslas_Wenceslaus Wilfrid_Wilfred
			Xavier_Xavier
			Yann_John
			Zachaire_Zachary Zénon Zéphyrin Zotique 
		}
		
		female_names = {
			Adcle_Adela Adéline_Adela Adrianne_Adriana Agrippine Alexandra_Alexandra Alexandrine_Alexandra Alix_Alice Anabelle Andréanne_Adriana Andrée_Andrea Anne_Anna Anne-Marie Antoinette_Antonia Apolline_Apollonia Arianne Aude Axelle
			Béatrice_Beatrix Bernadette Berth Brigitte_Bridget Blanche_Blanche
			Carole_Caroline Caroline_Caroline Catherine_Catherine Céline Charlotte_Charlotte Chantal Charmaine Chloé_Chloe Christianne_Christina Christine_Christina Claire_Clara Claudine_Claudia Concordie Constance 
			Danielle_Danielle Denise Diane_Diana Dominique_Dominique
			Élaine_Helen Éléonore_Eleanore Cve_Eve
			Fatima_Fatima Félicia Flore_Flora Florence Francine_Frances Françoise_Frances Frédérique    
			Gabrielle_Gabrielle Genevicve_Genevieve Gertrude Ginette_Genevieve Giscle
			Hélcne_Helen Henriette_Henriette 
			Ircne_Irene Isabelle_Elizabeth Isadora 
			Jacqueline_Jacqueline Jeanette_Jane Jeanne_Jane Jeannine_Jane Jocelyne Joelle Josée_Josephine Joséphine_Josephine Josianne_Josephine Juanita_Jane Judith_Judith Julie_Julia Justine
			Laura Laurence_Lauren Léa_Leah Léopoldine Lorraine Louise_Louise Lucienne_Lucia Lucine Lyse_Elizabeth
			Macha Manon Marcelle_Marcela Marcelline_Marcela Marie_Mary Marie-Claire Marie-Eve Marilcne Marguerite_Margaret Martine_Martine Maxine Maryse_Mary Mathilde_Matilda Maude Mélissa_Melissa Milaine Monique Mylcne
			Nancy Nathalie_Natalie Nicole_Nicole Noëlle Noémie
			Odette Olympe Orélie
			Pauline_Paula Pierrette_Petra 
			Rachelle_Rachel Rosalie
			Safia_Sophia Sarah_Sarah Sharon Sibylle Simone_Simone Sonia_Sophia Sofie_Sophia Stéphanie_Stephanie Suzanne_Susanna
			Théodora_Theodora Thércse_Theresa
			Valérie_Valeria Vanessa_Vanessa Véronique_Veronica Virginie_Virginia Vivian 
			Ursule
			Yasmeen_Jasmin Yolande Yvon
			Zoé_Zoe
		}

		from_dynasty_prefix = "of "

		modifier = default_culture_modifier
		feminist = yes

		pat_grf_name_chance = 70
		mat_grf_name_chance = 10
		father_name_chance = 5


		pat_grm_name_chance = 10
		mat_grm_name_chance = 70
		mother_name_chance = 5
	}	

	bucherons = {
		graphical_cultures = { frankishgfx westerngfx }

		color = { 45 103 166 }

		male_names = {
			Adam_Adam Adélard Adolphe_Adolf Adrien_Adrian Alain_Alan Albert_Albert Alexandre_Alexander Alfred_Alfred Alphonse_Alphons Amaury_Amalric Ambrose_Ambrose André_Andrew Andronic Aristide Athanase_Athanasius Augustin_Augustus Aurcle_Aurelius Azaire
			Baptiste_Baptist Barthélémy_Bartholomew Basile_Basil Baudouin_Baldwin Bernard_Bernard Blaise Bohémond Bonaventure 
			Calixte_Callistus Camille_Camille Camillien_Camille Cartier Cécil Célestin_Celestine Césaire_Caesar Charles_Charles Chomedey Christophe_Christopher Claude_Claudius Claude-Henri Cléophas Cyrille_Cyril 
			Damase Daniel_Daniel David_David Denis_Dionysus Dieudonné Dollard Dosithée Dowina-Évariste Dustin 
			Édouard_Edward Elphcge Émery_Amalric Éphrem_Ephraim Éric_Erik Esioff Étienne_Stephen Étienne-Paschal
			Fabien_Fabian Félix_Felix Ferréol Foulques_Fulk François_Francis Frédéric_Frederick
			Gabriel_Gabriel Gaétan Gaspard_Caspar Gaston Gautier_Walter Gédéon_Gideon Geoffroy_Jeff Georges_George George-Étienne Georges-Marie Ghislain Gilles_Gilles Guillaume_William Gustave_Gustav Guy
			Hector_Hector Henri_Henry Hilaire Hippolyte Honoré_Honorius Horace Hormisdas Hubert Hughes_Hugh Hyacinthe
			Isidore Ignace_Ignatius Israël_Israel
			Jacques_Jacob Jacques-Désiré Jean_John Jean-Baptiste Jean-Docile Jean-Jacques Jean-Louis Jean-Luc Jean-Marie Jean-Paul Jean-René Jeannot_John Jérome_Jerome Joseph_Joseph Joseph-Octave Josselin Josue_Joshua Julien_Julius Justin_Justin Juvenal
			Laurent_Lawrence Leo_Leo Léotale-Guichart-Humbert Lionel_Lionel Lotaire_Lothar Louis_Louis Louis-Alexandre Louis-Alphonse Louis-Edmond Louis-Étienne Louis-François Louis-Hippolyte Louis-Philippe Luc_Luke Lucien_Lucius Ludger  
			Marc_Mark Marc-Olivier Marcel_Marcel Mario_Marius Martial Mathieu_Matthew Maurice_Maurice Maximilien_Max Médéric Michel_Michael Michel-Sidrac Moncef Moustaphe_Mustafa 
			Napoléon_Napoleon Nérée
			Octave_Octavius Odon_Otto Olaüs_Olaf Olivier_Oliver Onésime_Onesimus Onfroy Ovide Ozias
			Pantaléon Pascal_Pascal Paul_Paul Paul-Antoine Paul-Émile Payson Philémon_Philemon Philippe_Phillip Philippe-August Pierre_Peter Pierre-Marie Praxcde
			Raymond_Raymond Réal Régis Renaud_Raynold René_Renatus Robert_Robert Rodolphe_Rudolf Roger_Roger Rohard Roland_Roland Roméo_Romeo Roupen_Robert
			Samuel_Samuel Sarto Serge_Sergius Séverin_Severinus Stanislas_Stanislav Stéphane_Stephen Sulpice 
			Tancrcde_Tancred Télesphore_Telesphorus Théogcne_Theogenes Théophile_Theophilus
			Uldéric Urbain_Urban 
			Valpy Vincent_Vincent
			Wenceslas_Wenceslaus Wilfrid_Wilfred
			Xavier_Xavier
			Yann_John
			Zachaire_Zachary Zénon Zéphyrin Zotique 
		}
		
		female_names = {
			Adcle_Adela Adéline_Adela Adrianne_Adriana Agrippine Alexandra_Alexandra Alexandrine_Alexandra Alix_Alice Anabelle Andréanne_Adriana Andrée_Andrea Anne_Anna Anne-Marie Antoinette_Antonia Apolline_Apollonia Arianne Aude Axelle
			Béatrice_Beatrix Bernadette Berth Brigitte_Bridget Blanche_Blanche
			Carole_Caroline Caroline_Caroline Catherine_Catherine Céline Charlotte_Charlotte Chantal Charmaine Chloé_Chloe Christianne_Christina Christine_Christina Claire_Clara Claudine_Claudia Concordie Constance 
			Danielle_Danielle Denise Diane_Diana Dominique_Dominique
			Élaine_Helen Éléonore_Eleanore Cve_Eve
			Fatima_Fatima Félicia Flore_Flora Florence Francine_Frances Françoise_Frances Frédérique    
			Gabrielle_Gabrielle Genevicve_Genevieve Gertrude Ginette_Genevieve Giscle
			Hélcne_Helen Henriette_Henriette 
			Ircne_Irene Isabelle_Elizabeth Isadora 
			Jacqueline_Jacqueline Jeanette_Jane Jeanne_Jane Jeannine_Jane Jocelyne Joelle Josée_Josephine Joséphine_Josephine Josianne_Josephine Juanita_Jane Judith_Judith Julie_Julia Justine
			Laura Laurence_Lauren Léa_Leah Léopoldine Lorraine Louise_Louise Lucienne_Lucia Lucine Lyse_Elizabeth
			Macha Manon Marcelle_Marcela Marcelline_Marcela Marie_Mary Marie-Claire Marie-Eve Marilcne Marguerite_Margaret Martine_Martine Maxine Maryse_Mary Mathilde_Matilda Maude Mélissa_Melissa Milaine Monique Mylcne
			Nancy Nathalie_Natalie Nicole_Nicole Noëlle Noémie
			Odette Olympe Orélie
			Pauline_Paula Pierrette_Petra 
			Rachelle_Rachel Rosalie
			Safia_Sophia Sarah_Sarah Sharon Sibylle Simone_Simone Sonia_Sophia Sofie_Sophia Stéphanie_Stephanie Suzanne_Susanna
			Théodora_Theodora Thércse_Theresa
			Valérie_Valeria Vanessa_Vanessa Véronique_Veronica Virginie_Virginia Vivian 
			Ursule
			Yasmeen_Jasmin Yolande Yvon
			Zoé_Zoe
		}

		from_dynasty_prefix = "of "

		modifier = default_culture_modifier
		feminist = yes

		pat_grf_name_chance = 70
		mat_grf_name_chance = 10
		father_name_chance = 5


		pat_grm_name_chance = 10
		mat_grm_name_chance = 70
		mother_name_chance = 5
	}	
	darijois = { #Montreal Muslims, mostly North African descent
		graphical_cultures = { berbergfx arabicgfx muslimgfx }
		unit_graphical_cultures = { frankishgfx westerngfx }
		
		color = { 45 52 176 }

		male_names = {
			Abbas_Abbas Abdel_Abdul Abdelazim_Abdulazim Abdelbaki_Abdulbaqi Abdelhalim_Abdulhalim Abdelkrim_Abdalkarim Abderrahmane_Abdalrahman Abdellah_Abdullah Abdelmoumene_Abdalmumin Adnane_Adnan Ahmed_Ahmad Alaeddin_Alaeddin Ali_Ali Amine_Amin Amor_Umar Anouar_Anwar
			Barakat_Barak Béchir_Bashir Billel_Bilal Boualem Brahim_Abraham 
			Chafik_Shafiq Cheikh_Sheikh Chérif_Sharif Choukri_Shukri
			Djafar_Jafar Djalil_Jalil Djamel_Jamal Driss_Idris
			El-Arabi_Arab Elyès_Elijah Essaïd_Said
			Farès_Faris Fayçal_Faysal
			Hacène_Hasan Hadj_Hajj Hafid_Hafiz Haidar_Haidar Hamad_Hamad Hassane_Hasan Hichem_Hisham Hocine_Hussayn Houari_Hawari 
			Ilies_Elijah Islem_Islam Ismaïl_Ishmael
			Kaddour Kheireddine_Khairaddin 
			Lahcène_Hasan Lyes_Elijah
			Madani Madjid_Majid Mahieddine Malik_Malik Marouane_Marwan Mehdi_Mahdi Mohammed_Muhammad Mokhtar_Mukhtar Mourad_Murad Mousa_Moses Moustafa_Mustafa 
			Nacer_Nasir Nadjib_Najib Nouh_Noah 
			Omar_Umar Ouahid_Wahid Oualid_Walid Oussama_Usama
			Rachide_Rashid Rafik_Rafiq Ramdane_Ramadan Rédouane_Ridwan
			Saddek_Sadiq Salah_Salah Seghir_Saghir Smaïn_Ishmael Sofyane_Sufyan Souleymane_Solomon 
			Tahar_Tahir Taïeb_Tayyib Tariq_Tariq
			Yahya_John Yasine_Yasin Youness_Jonah Youcef_Joseph 
			Zafir_Zafar Zakarya_Zachary Zeine_Zain Zinédine_Zaynaddin			
		}
		female_names = {
			Adila Aïcha_Aisha Amina_Amina Amna Arwa Aziza_Aziza
			Bahija Basira_Basira Basma Batul Bouchra_Bushra
			Dalal Daniyah
			Fadila_Fadila Faiza_Faiza Falbala_Falbala Farida_Farida Farah_Farah Fatima_Fatima 
			Ghada Ghaliya
			Habiba_Habiba Hadiyya Hafsa Halima_Halima Hanifa_Hanifa Hawa_Eve Huda Husna
			Ibtisam Isra
			Jalila_Jalila Jamila_Jamila Janan
			Karima_Karima Khadija
			Layla_Laila 
			Maha Malika_Malika Maryam_Mary Midha Munya
			Nafisa Njla Nawra 
			Rafiqa Ramlah Rana Rasa Rashida_Rashida Rían_Rian Ridwana_Ridwana
			Sadaf Safiyyah_Safiyyah Sahar_Sahar Saida_Saida Salha_Salha Samira_Samira Sara_Sarah Sawsan_Susan Shakira_Shakira
			Tahira_Tahira Taliba_Taliba Tasnim Thana
			Uzma
			Wahida_Wahida
			Yasmin_Jasmine Yusra
			Zaynab_Zaynab			
		}
		from_dynasty_prefix = "de "
		
		feminist = yes
		modifier = default_culture_modifier
		# Chance of male children being named after their paternal or maternal grandfather, or their father. Sum must not exceed 100.
		pat_grf_name_chance = 30
		mat_grf_name_chance = 10
		father_name_chance = 25
		
		# Chance of female children being named after their paternal or maternal grandmother, or their mother. Sum must not exceed 100.
		pat_grm_name_chance = 20
		mat_grm_name_chance = 40
		mother_name_chance = 5
	}
}